date,lunar_date,can,chi
1/1/2020,12/07/2019,Quý,Mão
1/2/2020,12/08/2019,Giáp,Thìn
1/3/2020,12/09/2019,Ất,Tỵ
1/4/2020,12/10/2019,Bính,Ngọ
1/5/2020,12/11/2019,Đinh,Mùi
1/6/2020,12/12/2019,Mậu,Thân
1/7/2020,12/13/2019,Kỷ,Dậu
1/8/2020,12/14/2019,Canh,Tuất
1/9/2020,12/15/2019,Tân,Hợi
1/10/2020,12/16/2019,Nhâm,Tý
1/11/2020,12/17/2019,Quý,Sửu
1/12/2020,12/18/2019,Giáp,Dần
1/13/2020,12/19/2019,Ất,Mão
1/14/2020,12/20/2019,Bính,Thìn
1/15/2020,12/21/2019,Đinh,Tỵ
1/16/2020,12/22/2019,Mậu,Ngọ
1/17/2020,12/23/2019,Kỷ,Mùi
1/18/2020,12/24/2019,Canh,Thân
1/19/2020,12/25/2019,Tân,Dậu
1/20/2020,12/26/2019,Nhâm,Tuất
1/21/2020,12/27/2019,Quý,Hợi
1/22/2020,12/28/2019,Giáp,Tý
1/23/2020,12/29/2019,Ất,Sửu
1/24/2020,12/30/2019,Bính,Dần
1/25/2020,01/01/2020,Đinh,Mão
1/26/2020,01/02/2020,Mậu,Thìn
1/27/2020,01/03/2020,Kỷ,Tỵ
1/28/2020,01/04/2020,Canh,Ngọ
1/29/2020,01/05/2020,Tân,Mùi
1/30/2020,01/06/2020,Nhâm,Thân
1/31/2020,01/07/2020,Quý,Dậu
2/1/2020,01/08/2020,Giáp,Tuất
2/2/2020,01/09/2020,Ất,Hợi
2/3/2020,01/10/2020,Bính,Tý
2/4/2020,01/11/2020,Đinh,Sửu
2/5/2020,01/12/2020,Mậu,Dần
2/6/2020,01/13/2020,Kỷ,Mão
2/7/2020,01/14/2020,Canh,Thìn
2/8/2020,01/15/2020,Tân,Tỵ
2/9/2020,01/16/2020,Nhâm,Ngọ
2/10/2020,01/17/2020,Quý,Mùi
2/11/2020,01/18/2020,Giáp,Thân
2/12/2020,01/19/2020,Ất,Dậu
2/13/2020,01/20/2020,Bính,Tuất
2/14/2020,01/21/2020,Đinh,Hợi
2/15/2020,01/22/2020,Mậu,Tý
2/16/2020,01/23/2020,Kỷ,Sửu
2/17/2020,01/24/2020,Canh,Dần
2/18/2020,01/25/2020,Tân,Mão
2/19/2020,01/26/2020,Nhâm,Thìn
2/20/2020,01/27/2020,Quý,Tỵ
2/21/2020,01/28/2020,Giáp,Ngọ
2/22/2020,01/29/2020,Ất,Mùi
2/23/2020,02/01/2020,Bính,Thân
2/24/2020,02/02/2020,Đinh,Dậu
2/25/2020,02/03/2020,Mậu,Tuất
2/26/2020,02/04/2020,Kỷ,Hợi
2/27/2020,02/05/2020,Canh,Tý
2/28/2020,02/06/2020,Tân,Sửu
2/29/2020,02/07/2020,Nhâm,Dần
3/1/2020,02/08/2020,Quý,Mão
3/2/2020,02/09/2020,Giáp,Thìn
3/3/2020,02/10/2020,Ất,Tỵ
3/4/2020,02/11/2020,Bính,Ngọ
3/5/2020,02/12/2020,Đinh,Mùi
3/6/2020,02/13/2020,Mậu,Thân
3/7/2020,02/14/2020,Kỷ,Dậu
3/8/2020,02/15/2020,Canh,Tuất
3/9/2020,02/16/2020,Tân,Hợi
3/10/2020,02/17/2020,Nhâm,Tý
3/11/2020,02/18/2020,Quý,Sửu
3/12/2020,02/19/2020,Giáp,Dần
3/13/2020,02/20/2020,Ất,Mão
3/14/2020,02/21/2020,Bính,Thìn
3/15/2020,02/22/2020,Đinh,Tỵ
3/16/2020,02/23/2020,Mậu,Ngọ
3/17/2020,02/24/2020,Kỷ,Mùi
3/18/2020,02/25/2020,Canh,Thân
3/19/2020,02/26/2020,Tân,Dậu
3/20/2020,02/27/2020,Nhâm,Tuất
3/21/2020,02/28/2020,Quý,Hợi
3/22/2020,02/29/2020,Giáp,Tý
3/23/2020,02/30/2020,Ất,Sửu
3/24/2020,03/01/2020,Bính,Dần
3/25/2020,03/02/2020,Đinh,Mão
3/26/2020,03/03/2020,Mậu,Thìn
3/27/2020,03/04/2020,Kỷ,Tỵ
3/28/2020,03/05/2020,Canh,Ngọ
3/29/2020,03/06/2020,Tân,Mùi
3/30/2020,03/07/2020,Nhâm,Thân
3/31/2020,03/08/2020,Quý,Dậu
4/1/2020,03/09/2020,Giáp,Tuất
4/2/2020,03/10/2020,Ất,Hợi
4/3/2020,03/11/2020,Bính,Tý
4/4/2020,03/12/2020,Đinh,Sửu
4/5/2020,03/13/2020,Mậu,Dần
4/6/2020,03/14/2020,Kỷ,Mão
4/7/2020,03/15/2020,Canh,Thìn
4/8/2020,03/16/2020,Tân,Tỵ
4/9/2020,03/17/2020,Nhâm,Ngọ
4/10/2020,03/18/2020,Quý,Mùi
4/11/2020,03/19/2020,Giáp,Thân
4/12/2020,03/20/2020,Ất,Dậu
4/13/2020,03/21/2020,Bính,Tuất
4/14/2020,03/22/2020,Đinh,Hợi
4/15/2020,03/23/2020,Mậu,Tý
4/16/2020,03/24/2020,Kỷ,Sửu
4/17/2020,03/25/2020,Canh,Dần
4/18/2020,03/26/2020,Tân,Mão
4/19/2020,03/27/2020,Nhâm,Thìn
4/20/2020,03/28/2020,Quý,Tỵ
4/21/2020,03/29/2020,Giáp,Ngọ
4/22/2020,03/30/2020,Ất,Mùi
4/23/2020,04/01/2020,Bính,Thân
4/24/2020,04/02/2020,Đinh,Dậu
4/25/2020,04/03/2020,Mậu,Tuất
4/26/2020,04/04/2020,Kỷ,Hợi
4/27/2020,04/05/2020,Canh,Tý
4/28/2020,04/06/2020,Tân,Sửu
4/29/2020,04/07/2020,Nhâm,Dần
4/30/2020,04/08/2020,Quý,Mão
5/1/2020,04/09/2020,Giáp,Thìn
5/2/2020,04/10/2020,Ất,Tỵ
5/3/2020,04/11/2020,Bính,Ngọ
5/4/2020,04/12/2020,Đinh,Mùi
5/5/2020,04/13/2020,Mậu,Thân
5/6/2020,04/14/2020,Kỷ,Dậu
5/7/2020,04/15/2020,Canh,Tuất
5/8/2020,04/16/2020,Tân,Hợi
5/9/2020,04/17/2020,Nhâm,Tý
5/10/2020,04/18/2020,Quý,Sửu
5/11/2020,04/19/2020,Giáp,Dần
5/12/2020,04/20/2020,Ất,Mão
5/13/2020,04/21/2020,Bính,Thìn
5/14/2020,04/22/2020,Đinh,Tỵ
5/15/2020,04/23/2020,Mậu,Ngọ
5/16/2020,04/24/2020,Kỷ,Mùi
5/17/2020,04/25/2020,Canh,Thân
5/18/2020,04/26/2020,Tân,Dậu
5/19/2020,04/27/2020,Nhâm,Tuất
5/20/2020,04/28/2020,Quý,Hợi
5/21/2020,04/29/2020,Giáp,Tý
5/22/2020,04/30/2020,Ất,Sửu
5/23/2020,-4/01/2020,Bính,Dần
5/24/2020,-4/02/2020,Đinh,Mão
5/25/2020,-4/03/2020,Mậu,Thìn
5/26/2020,-4/04/2020,Kỷ,Tỵ
5/27/2020,-4/05/2020,Canh,Ngọ
5/28/2020,-4/06/2020,Tân,Mùi
5/29/2020,-4/07/2020,Nhâm,Thân
5/30/2020,-4/08/2020,Quý,Dậu
5/31/2020,-4/09/2020,Giáp,Tuất
6/1/2020,-4/10/2020,Ất,Hợi
6/2/2020,-4/11/2020,Bính,Tý
6/3/2020,-4/12/2020,Đinh,Sửu
6/4/2020,-4/13/2020,Mậu,Dần
6/5/2020,-4/14/2020,Kỷ,Mão
6/6/2020,-4/15/2020,Canh,Thìn
6/7/2020,-4/16/2020,Tân,Tỵ
6/8/2020,-4/17/2020,Nhâm,Ngọ
6/9/2020,-4/18/2020,Quý,Mùi
6/10/2020,-4/19/2020,Giáp,Thân
6/11/2020,-4/20/2020,Ất,Dậu
6/12/2020,-4/21/2020,Bính,Tuất
6/13/2020,-4/22/2020,Đinh,Hợi
6/14/2020,-4/23/2020,Mậu,Tý
6/15/2020,-4/24/2020,Kỷ,Sửu
6/16/2020,-4/25/2020,Canh,Dần
6/17/2020,-4/26/2020,Tân,Mão
6/18/2020,-4/27/2020,Nhâm,Thìn
6/19/2020,-4/28/2020,Quý,Tỵ
6/20/2020,-4/29/2020,Giáp,Ngọ
6/21/2020,05/01/2020,Ất,Mùi
6/22/2020,05/02/2020,Bính,Thân
6/23/2020,05/03/2020,Đinh,Dậu
6/24/2020,05/04/2020,Mậu,Tuất
6/25/2020,05/05/2020,Kỷ,Hợi
6/26/2020,05/06/2020,Canh,Tý
6/27/2020,05/07/2020,Tân,Sửu
6/28/2020,05/08/2020,Nhâm,Dần
6/29/2020,05/09/2020,Quý,Mão
6/30/2020,05/10/2020,Giáp,Thìn
7/1/2020,05/11/2020,Ất,Tỵ
7/2/2020,05/12/2020,Bính,Ngọ
7/3/2020,05/13/2020,Đinh,Mùi
7/4/2020,05/14/2020,Mậu,Thân
7/5/2020,05/15/2020,Kỷ,Dậu
7/6/2020,05/16/2020,Canh,Tuất
7/7/2020,05/17/2020,Tân,Hợi
7/8/2020,05/18/2020,Nhâm,Tý
7/9/2020,05/19/2020,Quý,Sửu
7/10/2020,05/20/2020,Giáp,Dần
7/11/2020,05/21/2020,Ất,Mão
7/12/2020,05/22/2020,Bính,Thìn
7/13/2020,05/23/2020,Đinh,Tỵ
7/14/2020,05/24/2020,Mậu,Ngọ
7/15/2020,05/25/2020,Kỷ,Mùi
7/16/2020,05/26/2020,Canh,Thân
7/17/2020,05/27/2020,Tân,Dậu
7/18/2020,05/28/2020,Nhâm,Tuất
7/19/2020,05/29/2020,Quý,Hợi
7/20/2020,05/30/2020,Giáp,Tý
7/21/2020,06/01/2020,Ất,Sửu
7/22/2020,06/02/2020,Bính,Dần
7/23/2020,06/03/2020,Đinh,Mão
7/24/2020,06/04/2020,Mậu,Thìn
7/25/2020,06/05/2020,Kỷ,Tỵ
7/26/2020,06/06/2020,Canh,Ngọ
7/27/2020,06/07/2020,Tân,Mùi
7/28/2020,06/08/2020,Nhâm,Thân
7/29/2020,06/09/2020,Quý,Dậu
7/30/2020,06/10/2020,Giáp,Tuất
7/31/2020,06/11/2020,Ất,Hợi
8/1/2020,06/12/2020,Bính,Tý
8/2/2020,06/13/2020,Đinh,Sửu
8/3/2020,06/14/2020,Mậu,Dần
8/4/2020,06/15/2020,Kỷ,Mão
8/5/2020,06/16/2020,Canh,Thìn
8/6/2020,06/17/2020,Tân,Tỵ
8/7/2020,06/18/2020,Nhâm,Ngọ
8/8/2020,06/19/2020,Quý,Mùi
8/9/2020,06/20/2020,Giáp,Thân
8/10/2020,06/21/2020,Ất,Dậu
8/11/2020,06/22/2020,Bính,Tuất
8/12/2020,06/23/2020,Đinh,Hợi
8/13/2020,06/24/2020,Mậu,Tý
8/14/2020,06/25/2020,Kỷ,Sửu
8/15/2020,06/26/2020,Canh,Dần
8/16/2020,06/27/2020,Tân,Mão
8/17/2020,06/28/2020,Nhâm,Thìn
8/18/2020,06/29/2020,Quý,Tỵ
8/19/2020,07/01/2020,Giáp,Ngọ
8/20/2020,07/02/2020,Ất,Mùi
8/21/2020,07/03/2020,Bính,Thân
8/22/2020,07/04/2020,Đinh,Dậu
8/23/2020,07/05/2020,Mậu,Tuất
8/24/2020,07/06/2020,Kỷ,Hợi
8/25/2020,07/07/2020,Canh,Tý
8/26/2020,07/08/2020,Tân,Sửu
8/27/2020,07/09/2020,Nhâm,Dần
8/28/2020,07/10/2020,Quý,Mão
8/29/2020,07/11/2020,Giáp,Thìn
8/30/2020,07/12/2020,Ất,Tỵ
8/31/2020,07/13/2020,Bính,Ngọ
9/1/2020,07/14/2020,Đinh,Mùi
9/2/2020,07/15/2020,Mậu,Thân
9/3/2020,07/16/2020,Kỷ,Dậu
9/4/2020,07/17/2020,Canh,Tuất
9/5/2020,07/18/2020,Tân,Hợi
9/6/2020,07/19/2020,Nhâm,Tý
9/7/2020,07/20/2020,Quý,Sửu
9/8/2020,07/21/2020,Giáp,Dần
9/9/2020,07/22/2020,Ất,Mão
9/10/2020,07/23/2020,Bính,Thìn
9/11/2020,07/24/2020,Đinh,Tỵ
9/12/2020,07/25/2020,Mậu,Ngọ
9/13/2020,07/26/2020,Kỷ,Mùi
9/14/2020,07/27/2020,Canh,Thân
9/15/2020,07/28/2020,Tân,Dậu
9/16/2020,07/29/2020,Nhâm,Tuất
9/17/2020,08/01/2020,Quý,Hợi
9/18/2020,08/02/2020,Giáp,Tý
9/19/2020,08/03/2020,Ất,Sửu
9/20/2020,08/04/2020,Bính,Dần
9/21/2020,08/05/2020,Đinh,Mão
9/22/2020,08/06/2020,Mậu,Thìn
9/23/2020,08/07/2020,Kỷ,Tỵ
9/24/2020,08/08/2020,Canh,Ngọ
9/25/2020,08/09/2020,Tân,Mùi
9/26/2020,08/10/2020,Nhâm,Thân
9/27/2020,08/11/2020,Quý,Dậu
9/28/2020,08/12/2020,Giáp,Tuất
9/29/2020,08/13/2020,Ất,Hợi
9/30/2020,08/14/2020,Bính,Tý
10/1/2020,08/15/2020,Đinh,Sửu
10/2/2020,08/16/2020,Mậu,Dần
10/3/2020,08/17/2020,Kỷ,Mão
10/4/2020,08/18/2020,Canh,Thìn
10/5/2020,08/19/2020,Tân,Tỵ
10/6/2020,08/20/2020,Nhâm,Ngọ
10/7/2020,08/21/2020,Quý,Mùi
10/8/2020,08/22/2020,Giáp,Thân
10/9/2020,08/23/2020,Ất,Dậu
10/10/2020,08/24/2020,Bính,Tuất
10/11/2020,08/25/2020,Đinh,Hợi
10/12/2020,08/26/2020,Mậu,Tý
10/13/2020,08/27/2020,Kỷ,Sửu
10/14/2020,08/28/2020,Canh,Dần
10/15/2020,08/29/2020,Tân,Mão
10/16/2020,08/30/2020,Nhâm,Thìn
10/17/2020,09/01/2020,Quý,Tỵ
10/18/2020,09/02/2020,Giáp,Ngọ
10/19/2020,09/03/2020,Ất,Mùi
10/20/2020,09/04/2020,Bính,Thân
10/21/2020,09/05/2020,Đinh,Dậu
10/22/2020,09/06/2020,Mậu,Tuất
10/23/2020,09/07/2020,Kỷ,Hợi
10/24/2020,09/08/2020,Canh,Tý
10/25/2020,09/09/2020,Tân,Sửu
10/26/2020,09/10/2020,Nhâm,Dần
10/27/2020,09/11/2020,Quý,Mão
10/28/2020,09/12/2020,Giáp,Thìn
10/29/2020,09/13/2020,Ất,Tỵ
10/30/2020,09/14/2020,Bính,Ngọ
10/31/2020,09/15/2020,Đinh,Mùi
11/1/2020,09/16/2020,Mậu,Thân
11/2/2020,09/17/2020,Kỷ,Dậu
11/3/2020,09/18/2020,Canh,Tuất
11/4/2020,09/19/2020,Tân,Hợi
11/5/2020,09/20/2020,Nhâm,Tý
11/6/2020,09/21/2020,Quý,Sửu
11/7/2020,09/22/2020,Giáp,Dần
11/8/2020,09/23/2020,Ất,Mão
11/9/2020,09/24/2020,Bính,Thìn
11/10/2020,09/25/2020,Đinh,Tỵ
11/11/2020,09/26/2020,Mậu,Ngọ
11/12/2020,09/27/2020,Kỷ,Mùi
11/13/2020,09/28/2020,Canh,Thân
11/14/2020,09/29/2020,Tân,Dậu
11/15/2020,10/01/2020,Nhâm,Tuất
11/16/2020,10/02/2020,Quý,Hợi
11/17/2020,10/03/2020,Giáp,Tý
11/18/2020,10/04/2020,Ất,Sửu
11/19/2020,10/05/2020,Bính,Dần
11/20/2020,10/06/2020,Đinh,Mão
11/21/2020,10/07/2020,Mậu,Thìn
11/22/2020,10/08/2020,Kỷ,Tỵ
11/23/2020,10/09/2020,Canh,Ngọ
11/24/2020,10/10/2020,Tân,Mùi
11/25/2020,10/11/2020,Nhâm,Thân
11/26/2020,10/12/2020,Quý,Dậu
11/27/2020,10/13/2020,Giáp,Tuất
11/28/2020,10/14/2020,Ất,Hợi
11/29/2020,10/15/2020,Bính,Tý
11/30/2020,10/16/2020,Đinh,Sửu
12/1/2020,10/17/2020,Mậu,Dần
12/2/2020,10/18/2020,Kỷ,Mão
12/3/2020,10/19/2020,Canh,Thìn
12/4/2020,10/20/2020,Tân,Tỵ
12/5/2020,10/21/2020,Nhâm,Ngọ
12/6/2020,10/22/2020,Quý,Mùi
12/7/2020,10/23/2020,Giáp,Thân
12/8/2020,10/24/2020,Ất,Dậu
12/9/2020,10/25/2020,Bính,Tuất
12/10/2020,10/26/2020,Đinh,Hợi
12/11/2020,10/27/2020,Mậu,Tý
12/12/2020,10/28/2020,Kỷ,Sửu
12/13/2020,10/29/2020,Canh,Dần
12/14/2020,10/30/2020,Tân,Mão
12/15/2020,11/01/2020,Nhâm,Thìn
12/16/2020,11/02/2020,Quý,Tỵ
12/17/2020,11/03/2020,Giáp,Ngọ
12/18/2020,11/04/2020,Ất,Mùi
12/19/2020,11/05/2020,Bính,Thân
12/20/2020,11/06/2020,Đinh,Dậu
12/21/2020,11/07/2020,Mậu,Tuất
12/22/2020,11/08/2020,Kỷ,Hợi
12/23/2020,11/09/2020,Canh,Tý
12/24/2020,11/10/2020,Tân,Sửu
12/25/2020,11/11/2020,Nhâm,Dần
12/26/2020,11/12/2020,Quý,Mão
12/27/2020,11/13/2020,Giáp,Thìn
12/28/2020,11/14/2020,Ất,Tỵ
12/29/2020,11/15/2020,Bính,Ngọ
12/30/2020,11/16/2020,Đinh,Mùi
12/31/2020,11/17/2020,Mậu,Thân
1/1/2021,11/18/2020,Kỷ,Dậu
1/2/2021,11/19/2020,Canh,Tuất
1/3/2021,11/20/2020,Tân,Hợi
1/4/2021,11/21/2020,Nhâm,Tý
1/5/2021,11/22/2020,Quý,Sửu
1/6/2021,11/23/2020,Giáp,Dần
1/7/2021,11/24/2020,Ất,Mão
1/8/2021,11/25/2020,Bính,Thìn
1/9/2021,11/26/2020,Đinh,Tỵ
1/10/2021,11/27/2020,Mậu,Ngọ
1/11/2021,11/28/2020,Kỷ,Mùi
1/12/2021,11/29/2020,Canh,Thân
1/13/2021,12/01/2020,Tân,Dậu
1/14/2021,12/02/2020,Nhâm,Tuất
1/15/2021,12/03/2020,Quý,Hợi
1/16/2021,12/04/2020,Giáp,Tý
1/17/2021,12/05/2020,Ất,Sửu
1/18/2021,12/06/2020,Bính,Dần
1/19/2021,12/07/2020,Đinh,Mão
1/20/2021,12/08/2020,Mậu,Thìn
1/21/2021,12/09/2020,Kỷ,Tỵ
1/22/2021,12/10/2020,Canh,Ngọ
1/23/2021,12/11/2020,Tân,Mùi
1/24/2021,12/12/2020,Nhâm,Thân
1/25/2021,12/13/2020,Quý,Dậu
1/26/2021,12/14/2020,Giáp,Tuất
1/27/2021,12/15/2020,Ất,Hợi
1/28/2021,12/16/2020,Bính,Tý
1/29/2021,12/17/2020,Đinh,Sửu
1/30/2021,12/18/2020,Mậu,Dần
1/31/2021,12/19/2020,Kỷ,Mão
2/1/2021,12/20/2020,Canh,Thìn
2/2/2021,12/21/2020,Tân,Tỵ
2/3/2021,12/22/2020,Nhâm,Ngọ
2/4/2021,12/23/2020,Quý,Mùi
2/5/2021,12/24/2020,Giáp,Thân
2/6/2021,12/25/2020,Ất,Dậu
2/7/2021,12/26/2020,Bính,Tuất
2/8/2021,12/27/2020,Đinh,Hợi
2/9/2021,12/28/2020,Mậu,Tý
2/10/2021,12/29/2020,Kỷ,Sửu
2/11/2021,12/30/2020,Canh,Dần
2/12/2021,01/01/2021,Tân,Mão
2/13/2021,01/02/2021,Nhâm,Thìn
2/14/2021,01/03/2021,Quý,Tỵ
2/15/2021,01/04/2021,Giáp,Ngọ
2/16/2021,01/05/2021,Ất,Mùi
2/17/2021,01/06/2021,Bính,Thân
2/18/2021,01/07/2021,Đinh,Dậu
2/19/2021,01/08/2021,Mậu,Tuất
2/20/2021,01/09/2021,Kỷ,Hợi
2/21/2021,01/10/2021,Canh,Tý
2/22/2021,01/11/2021,Tân,Sửu
2/23/2021,01/12/2021,Nhâm,Dần
2/24/2021,01/13/2021,Quý,Mão
2/25/2021,01/14/2021,Giáp,Thìn
2/26/2021,01/15/2021,Ất,Tỵ
2/27/2021,01/16/2021,Bính,Ngọ
2/28/2021,01/17/2021,Đinh,Mùi
3/1/2021,01/18/2021,Mậu,Thân
3/2/2021,01/19/2021,Kỷ,Dậu
3/3/2021,01/20/2021,Canh,Tuất
3/4/2021,01/21/2021,Tân,Hợi
3/5/2021,01/22/2021,Nhâm,Tý
3/6/2021,01/23/2021,Quý,Sửu
3/7/2021,01/24/2021,Giáp,Dần
3/8/2021,01/25/2021,Ất,Mão
3/9/2021,01/26/2021,Bính,Thìn
3/10/2021,01/27/2021,Đinh,Tỵ
3/11/2021,01/28/2021,Mậu,Ngọ
3/12/2021,01/29/2021,Kỷ,Mùi
3/13/2021,02/01/2021,Canh,Thân
3/14/2021,02/02/2021,Tân,Dậu
3/15/2021,02/03/2021,Nhâm,Tuất
3/16/2021,02/04/2021,Quý,Hợi
3/17/2021,02/05/2021,Giáp,Tý
3/18/2021,02/06/2021,Ất,Sửu
3/19/2021,02/07/2021,Bính,Dần
3/20/2021,02/08/2021,Đinh,Mão
3/21/2021,02/09/2021,Mậu,Thìn
3/22/2021,02/10/2021,Kỷ,Tỵ
3/23/2021,02/11/2021,Canh,Ngọ
3/24/2021,02/12/2021,Tân,Mùi
3/25/2021,02/13/2021,Nhâm,Thân
3/26/2021,02/14/2021,Quý,Dậu
3/27/2021,02/15/2021,Giáp,Tuất
3/28/2021,02/16/2021,Ất,Hợi
3/29/2021,02/17/2021,Bính,Tý
3/30/2021,02/18/2021,Đinh,Sửu
3/31/2021,02/19/2021,Mậu,Dần
4/1/2021,02/20/2021,Kỷ,Mão
4/2/2021,02/21/2021,Canh,Thìn
4/3/2021,02/22/2021,Tân,Tỵ
4/4/2021,02/23/2021,Nhâm,Ngọ
4/5/2021,02/24/2021,Quý,Mùi
4/6/2021,02/25/2021,Giáp,Thân
4/7/2021,02/26/2021,Ất,Dậu
4/8/2021,02/27/2021,Bính,Tuất
4/9/2021,02/28/2021,Đinh,Hợi
4/10/2021,02/29/2021,Mậu,Tý
4/11/2021,02/30/2021,Kỷ,Sửu
4/12/2021,03/01/2021,Canh,Dần
4/13/2021,03/02/2021,Tân,Mão
4/14/2021,03/03/2021,Nhâm,Thìn
4/15/2021,03/04/2021,Quý,Tỵ
4/16/2021,03/05/2021,Giáp,Ngọ
4/17/2021,03/06/2021,Ất,Mùi
4/18/2021,03/07/2021,Bính,Thân
4/19/2021,03/08/2021,Đinh,Dậu
4/20/2021,03/09/2021,Mậu,Tuất
4/21/2021,03/10/2021,Kỷ,Hợi
4/22/2021,03/11/2021,Canh,Tý
4/23/2021,03/12/2021,Tân,Sửu
4/24/2021,03/13/2021,Nhâm,Dần
4/25/2021,03/14/2021,Quý,Mão
4/26/2021,03/15/2021,Giáp,Thìn
4/27/2021,03/16/2021,Ất,Tỵ
4/28/2021,03/17/2021,Bính,Ngọ
4/29/2021,03/18/2021,Đinh,Mùi
4/30/2021,03/19/2021,Mậu,Thân
5/1/2021,03/20/2021,Kỷ,Dậu
5/2/2021,03/21/2021,Canh,Tuất
5/3/2021,03/22/2021,Tân,Hợi
5/4/2021,03/23/2021,Nhâm,Tý
5/5/2021,03/24/2021,Quý,Sửu
5/6/2021,03/25/2021,Giáp,Dần
5/7/2021,03/26/2021,Ất,Mão
5/8/2021,03/27/2021,Bính,Thìn
5/9/2021,03/28/2021,Đinh,Tỵ
5/10/2021,03/29/2021,Mậu,Ngọ
5/11/2021,03/30/2021,Kỷ,Mùi
5/12/2021,04/01/2021,Canh,Thân
5/13/2021,04/02/2021,Tân,Dậu
5/14/2021,04/03/2021,Nhâm,Tuất
5/15/2021,04/04/2021,Quý,Hợi
5/16/2021,04/05/2021,Giáp,Tý
5/17/2021,04/06/2021,Ất,Sửu
5/18/2021,04/07/2021,Bính,Dần
5/19/2021,04/08/2021,Đinh,Mão
5/20/2021,04/09/2021,Mậu,Thìn
5/21/2021,04/10/2021,Kỷ,Tỵ
5/22/2021,04/11/2021,Canh,Ngọ
5/23/2021,04/12/2021,Tân,Mùi
5/24/2021,04/13/2021,Nhâm,Thân
5/25/2021,04/14/2021,Quý,Dậu
5/26/2021,04/15/2021,Giáp,Tuất
5/27/2021,04/16/2021,Ất,Hợi
5/28/2021,04/17/2021,Bính,Tý
5/29/2021,04/18/2021,Đinh,Sửu
5/30/2021,04/19/2021,Mậu,Dần
5/31/2021,04/20/2021,Kỷ,Mão
6/1/2021,04/21/2021,Canh,Thìn
6/2/2021,04/22/2021,Tân,Tỵ
6/3/2021,04/23/2021,Nhâm,Ngọ
6/4/2021,04/24/2021,Quý,Mùi
6/5/2021,04/25/2021,Giáp,Thân
6/6/2021,04/26/2021,Ất,Dậu
6/7/2021,04/27/2021,Bính,Tuất
6/8/2021,04/28/2021,Đinh,Hợi
6/9/2021,04/29/2021,Mậu,Tý
6/10/2021,05/01/2021,Kỷ,Sửu
6/11/2021,05/02/2021,Canh,Dần
6/12/2021,05/03/2021,Tân,Mão
6/13/2021,05/04/2021,Nhâm,Thìn
6/14/2021,05/05/2021,Quý,Tỵ
6/15/2021,05/06/2021,Giáp,Ngọ
6/16/2021,05/07/2021,Ất,Mùi
6/17/2021,05/08/2021,Bính,Thân
6/18/2021,05/09/2021,Đinh,Dậu
6/19/2021,05/10/2021,Mậu,Tuất
6/20/2021,05/11/2021,Kỷ,Hợi
6/21/2021,05/12/2021,Canh,Tý
6/22/2021,05/13/2021,Tân,Sửu
6/23/2021,05/14/2021,Nhâm,Dần
6/24/2021,05/15/2021,Quý,Mão
6/25/2021,05/16/2021,Giáp,Thìn
6/26/2021,05/17/2021,Ất,Tỵ
6/27/2021,05/18/2021,Bính,Ngọ
6/28/2021,05/19/2021,Đinh,Mùi
6/29/2021,05/20/2021,Mậu,Thân
6/30/2021,05/21/2021,Kỷ,Dậu
7/1/2021,05/22/2021,Canh,Tuất
7/2/2021,05/23/2021,Tân,Hợi
7/3/2021,05/24/2021,Nhâm,Tý
7/4/2021,05/25/2021,Quý,Sửu
7/5/2021,05/26/2021,Giáp,Dần
7/6/2021,05/27/2021,Ất,Mão
7/7/2021,05/28/2021,Bính,Thìn
7/8/2021,05/29/2021,Đinh,Tỵ
7/9/2021,05/30/2021,Mậu,Ngọ
7/10/2021,06/01/2021,Kỷ,Mùi
7/11/2021,06/02/2021,Canh,Thân
7/12/2021,06/03/2021,Tân,Dậu
7/13/2021,06/04/2021,Nhâm,Tuất
7/14/2021,06/05/2021,Quý,Hợi
7/15/2021,06/06/2021,Giáp,Tý
7/16/2021,06/07/2021,Ất,Sửu
7/17/2021,06/08/2021,Bính,Dần
7/18/2021,06/09/2021,Đinh,Mão
7/19/2021,06/10/2021,Mậu,Thìn
7/20/2021,06/11/2021,Kỷ,Tỵ
7/21/2021,06/12/2021,Canh,Ngọ
7/22/2021,06/13/2021,Tân,Mùi
7/23/2021,06/14/2021,Nhâm,Thân
7/24/2021,06/15/2021,Quý,Dậu
7/25/2021,06/16/2021,Giáp,Tuất
7/26/2021,06/17/2021,Ất,Hợi
7/27/2021,06/18/2021,Bính,Tý
7/28/2021,06/19/2021,Đinh,Sửu
7/29/2021,06/20/2021,Mậu,Dần
7/30/2021,06/21/2021,Kỷ,Mão
7/31/2021,06/22/2021,Canh,Thìn
8/1/2021,06/23/2021,Tân,Tỵ
8/2/2021,06/24/2021,Nhâm,Ngọ
8/3/2021,06/25/2021,Quý,Mùi
8/4/2021,06/26/2021,Giáp,Thân
8/5/2021,06/27/2021,Ất,Dậu
8/6/2021,06/28/2021,Bính,Tuất
8/7/2021,06/29/2021,Đinh,Hợi
8/8/2021,07/01/2021,Mậu,Tý
8/9/2021,07/02/2021,Kỷ,Sửu
8/10/2021,07/03/2021,Canh,Dần
8/11/2021,07/04/2021,Tân,Mão
8/12/2021,07/05/2021,Nhâm,Thìn
8/13/2021,07/06/2021,Quý,Tỵ
8/14/2021,07/07/2021,Giáp,Ngọ
8/15/2021,07/08/2021,Ất,Mùi
8/16/2021,07/09/2021,Bính,Thân
8/17/2021,07/10/2021,Đinh,Dậu
8/18/2021,07/11/2021,Mậu,Tuất
8/19/2021,07/12/2021,Kỷ,Hợi
8/20/2021,07/13/2021,Canh,Tý
8/21/2021,07/14/2021,Tân,Sửu
8/22/2021,07/15/2021,Nhâm,Dần
8/23/2021,07/16/2021,Quý,Mão
8/24/2021,07/17/2021,Giáp,Thìn
8/25/2021,07/18/2021,Ất,Tỵ
8/26/2021,07/19/2021,Bính,Ngọ
8/27/2021,07/20/2021,Đinh,Mùi
8/28/2021,07/21/2021,Mậu,Thân
8/29/2021,07/22/2021,Kỷ,Dậu
8/30/2021,07/23/2021,Canh,Tuất
8/31/2021,07/24/2021,Tân,Hợi
9/1/2021,07/25/2021,Nhâm,Tý
9/2/2021,07/26/2021,Quý,Sửu
9/3/2021,07/27/2021,Giáp,Dần
9/4/2021,07/28/2021,Ất,Mão
9/5/2021,07/29/2021,Bính,Thìn
9/6/2021,07/30/2021,Đinh,Tỵ
9/7/2021,08/01/2021,Mậu,Ngọ
9/8/2021,08/02/2021,Kỷ,Mùi
9/9/2021,08/03/2021,Canh,Thân
9/10/2021,08/04/2021,Tân,Dậu
9/11/2021,08/05/2021,Nhâm,Tuất
9/12/2021,08/06/2021,Quý,Hợi
9/13/2021,08/07/2021,Giáp,Tý
9/14/2021,08/08/2021,Ất,Sửu
9/15/2021,08/09/2021,Bính,Dần
9/16/2021,08/10/2021,Đinh,Mão
9/17/2021,08/11/2021,Mậu,Thìn
9/18/2021,08/12/2021,Kỷ,Tỵ
9/19/2021,08/13/2021,Canh,Ngọ
9/20/2021,08/14/2021,Tân,Mùi
9/21/2021,08/15/2021,Nhâm,Thân
9/22/2021,08/16/2021,Quý,Dậu
9/23/2021,08/17/2021,Giáp,Tuất
9/24/2021,08/18/2021,Ất,Hợi
9/25/2021,08/19/2021,Bính,Tý
9/26/2021,08/20/2021,Đinh,Sửu
9/27/2021,08/21/2021,Mậu,Dần
9/28/2021,08/22/2021,Kỷ,Mão
9/29/2021,08/23/2021,Canh,Thìn
9/30/2021,08/24/2021,Tân,Tỵ
10/1/2021,08/25/2021,Nhâm,Ngọ
10/2/2021,08/26/2021,Quý,Mùi
10/3/2021,08/27/2021,Giáp,Thân
10/4/2021,08/28/2021,Ất,Dậu
10/5/2021,08/29/2021,Bính,Tuất
10/6/2021,09/01/2021,Đinh,Hợi
10/7/2021,09/02/2021,Mậu,Tý
10/8/2021,09/03/2021,Kỷ,Sửu
10/9/2021,09/04/2021,Canh,Dần
10/10/2021,09/05/2021,Tân,Mão
10/11/2021,09/06/2021,Nhâm,Thìn
10/12/2021,09/07/2021,Quý,Tỵ
10/13/2021,09/08/2021,Giáp,Ngọ
10/14/2021,09/09/2021,Ất,Mùi
10/15/2021,09/10/2021,Bính,Thân
10/16/2021,09/11/2021,Đinh,Dậu
10/17/2021,09/12/2021,Mậu,Tuất
10/18/2021,09/13/2021,Kỷ,Hợi
10/19/2021,09/14/2021,Canh,Tý
10/20/2021,09/15/2021,Tân,Sửu
10/21/2021,09/16/2021,Nhâm,Dần
10/22/2021,09/17/2021,Quý,Mão
10/23/2021,09/18/2021,Giáp,Thìn
10/24/2021,09/19/2021,Ất,Tỵ
10/25/2021,09/20/2021,Bính,Ngọ
10/26/2021,09/21/2021,Đinh,Mùi
10/27/2021,09/22/2021,Mậu,Thân
10/28/2021,09/23/2021,Kỷ,Dậu
10/29/2021,09/24/2021,Canh,Tuất
10/30/2021,09/25/2021,Tân,Hợi
10/31/2021,09/26/2021,Nhâm,Tý
11/1/2021,09/27/2021,Quý,Sửu
11/2/2021,09/28/2021,Giáp,Dần
11/3/2021,09/29/2021,Ất,Mão
11/4/2021,09/30/2021,Bính,Thìn
11/5/2021,10/01/2021,Đinh,Tỵ
11/6/2021,10/02/2021,Mậu,Ngọ
11/7/2021,10/03/2021,Kỷ,Mùi
11/8/2021,10/04/2021,Canh,Thân
11/9/2021,10/05/2021,Tân,Dậu
11/10/2021,10/06/2021,Nhâm,Tuất
11/11/2021,10/07/2021,Quý,Hợi
11/12/2021,10/08/2021,Giáp,Tý
11/13/2021,10/09/2021,Ất,Sửu
11/14/2021,10/10/2021,Bính,Dần
11/15/2021,10/11/2021,Đinh,Mão
11/16/2021,10/12/2021,Mậu,Thìn
11/17/2021,10/13/2021,Kỷ,Tỵ
11/18/2021,10/14/2021,Canh,Ngọ
11/19/2021,10/15/2021,Tân,Mùi
11/20/2021,10/16/2021,Nhâm,Thân
11/21/2021,10/17/2021,Quý,Dậu
11/22/2021,10/18/2021,Giáp,Tuất
11/23/2021,10/19/2021,Ất,Hợi
11/24/2021,10/20/2021,Bính,Tý
11/25/2021,10/21/2021,Đinh,Sửu
11/26/2021,10/22/2021,Mậu,Dần
11/27/2021,10/23/2021,Kỷ,Mão
11/28/2021,10/24/2021,Canh,Thìn
11/29/2021,10/25/2021,Tân,Tỵ
11/30/2021,10/26/2021,Nhâm,Ngọ
12/1/2021,10/27/2021,Quý,Mùi
12/2/2021,10/28/2021,Giáp,Thân
12/3/2021,10/29/2021,Ất,Dậu
12/4/2021,11/01/2021,Bính,Tuất
12/5/2021,11/02/2021,Đinh,Hợi
12/6/2021,11/03/2021,Mậu,Tý
12/7/2021,11/04/2021,Kỷ,Sửu
12/8/2021,11/05/2021,Canh,Dần
12/9/2021,11/06/2021,Tân,Mão
12/10/2021,11/07/2021,Nhâm,Thìn
12/11/2021,11/08/2021,Quý,Tỵ
12/12/2021,11/09/2021,Giáp,Ngọ
12/13/2021,11/10/2021,Ất,Mùi
12/14/2021,11/11/2021,Bính,Thân
12/15/2021,11/12/2021,Đinh,Dậu
12/16/2021,11/13/2021,Mậu,Tuất
12/17/2021,11/14/2021,Kỷ,Hợi
12/18/2021,11/15/2021,Canh,Tý
12/19/2021,11/16/2021,Tân,Sửu
12/20/2021,11/17/2021,Nhâm,Dần
12/21/2021,11/18/2021,Quý,Mão
12/22/2021,11/19/2021,Giáp,Thìn
12/23/2021,11/20/2021,Ất,Tỵ
12/24/2021,11/21/2021,Bính,Ngọ
12/25/2021,11/22/2021,Đinh,Mùi
12/26/2021,11/23/2021,Mậu,Thân
12/27/2021,11/24/2021,Kỷ,Dậu
12/28/2021,11/25/2021,Canh,Tuất
12/29/2021,11/26/2021,Tân,Hợi
12/30/2021,11/27/2021,Nhâm,Tý
12/31/2021,11/28/2021,Quý,Sửu
1/1/2022,11/29/2021,Giáp,Dần
1/2/2022,11/30/2021,Ất,Mão
1/3/2022,12/01/2021,Bính,Thìn
1/4/2022,12/02/2021,Đinh,Tỵ
1/5/2022,12/03/2021,Mậu,Ngọ
1/6/2022,12/04/2021,Kỷ,Mùi
1/7/2022,12/05/2021,Canh,Thân
1/8/2022,12/06/2021,Tân,Dậu
1/9/2022,12/07/2021,Nhâm,Tuất
1/10/2022,12/08/2021,Quý,Hợi
1/11/2022,12/09/2021,Giáp,Tý
1/12/2022,12/10/2021,Ất,Sửu
1/13/2022,12/11/2021,Bính,Dần
1/14/2022,12/12/2021,Đinh,Mão
1/15/2022,12/13/2021,Mậu,Thìn
1/16/2022,12/14/2021,Kỷ,Tỵ
1/17/2022,12/15/2021,Canh,Ngọ
1/18/2022,12/16/2021,Tân,Mùi
1/19/2022,12/17/2021,Nhâm,Thân
1/20/2022,12/18/2021,Quý,Dậu
1/21/2022,12/19/2021,Giáp,Tuất
1/22/2022,12/20/2021,Ất,Hợi
1/23/2022,12/21/2021,Bính,Tý
1/24/2022,12/22/2021,Đinh,Sửu
1/25/2022,12/23/2021,Mậu,Dần
1/26/2022,12/24/2021,Kỷ,Mão
1/27/2022,12/25/2021,Canh,Thìn
1/28/2022,12/26/2021,Tân,Tỵ
1/29/2022,12/27/2021,Nhâm,Ngọ
1/30/2022,12/28/2021,Quý,Mùi
1/31/2022,12/29/2021,Giáp,Thân
2/1/2022,01/01/2022,Ất,Dậu
2/2/2022,01/02/2022,Bính,Tuất
2/3/2022,01/03/2022,Đinh,Hợi
2/4/2022,01/04/2022,Mậu,Tý
2/5/2022,01/05/2022,Kỷ,Sửu
2/6/2022,01/06/2022,Canh,Dần
2/7/2022,01/07/2022,Tân,Mão
2/8/2022,01/08/2022,Nhâm,Thìn
2/9/2022,01/09/2022,Quý,Tỵ
2/10/2022,01/10/2022,Giáp,Ngọ
2/11/2022,01/11/2022,Ất,Mùi
2/12/2022,01/12/2022,Bính,Thân
2/13/2022,01/13/2022,Đinh,Dậu
2/14/2022,01/14/2022,Mậu,Tuất
2/15/2022,01/15/2022,Kỷ,Hợi
2/16/2022,01/16/2022,Canh,Tý
2/17/2022,01/17/2022,Tân,Sửu
2/18/2022,01/18/2022,Nhâm,Dần
2/19/2022,01/19/2022,Quý,Mão
2/20/2022,01/20/2022,Giáp,Thìn
2/21/2022,01/21/2022,Ất,Tỵ
2/22/2022,01/22/2022,Bính,Ngọ
2/23/2022,01/23/2022,Đinh,Mùi
2/24/2022,01/24/2022,Mậu,Thân
2/25/2022,01/25/2022,Kỷ,Dậu
2/26/2022,01/26/2022,Canh,Tuất
2/27/2022,01/27/2022,Tân,Hợi
2/28/2022,01/28/2022,Nhâm,Tý
3/1/2022,01/29/2022,Quý,Sửu
3/2/2022,01/30/2022,Giáp,Dần
3/3/2022,02/01/2022,Ất,Mão
3/4/2022,02/02/2022,Bính,Thìn
3/5/2022,02/03/2022,Đinh,Tỵ
3/6/2022,02/04/2022,Mậu,Ngọ
3/7/2022,02/05/2022,Kỷ,Mùi
3/8/2022,02/06/2022,Canh,Thân
3/9/2022,02/07/2022,Tân,Dậu
3/10/2022,02/08/2022,Nhâm,Tuất
3/11/2022,02/09/2022,Quý,Hợi
3/12/2022,02/10/2022,Giáp,Tý
3/13/2022,02/11/2022,Ất,Sửu
3/14/2022,02/12/2022,Bính,Dần
3/15/2022,02/13/2022,Đinh,Mão
3/16/2022,02/14/2022,Mậu,Thìn
3/17/2022,02/15/2022,Kỷ,Tỵ
3/18/2022,02/16/2022,Canh,Ngọ
3/19/2022,02/17/2022,Tân,Mùi
3/20/2022,02/18/2022,Nhâm,Thân
3/21/2022,02/19/2022,Quý,Dậu
3/22/2022,02/20/2022,Giáp,Tuất
3/23/2022,02/21/2022,Ất,Hợi
3/24/2022,02/22/2022,Bính,Tý
3/25/2022,02/23/2022,Đinh,Sửu
3/26/2022,02/24/2022,Mậu,Dần
3/27/2022,02/25/2022,Kỷ,Mão
3/28/2022,02/26/2022,Canh,Thìn
3/29/2022,02/27/2022,Tân,Tỵ
3/30/2022,02/28/2022,Nhâm,Ngọ
3/31/2022,02/29/2022,Quý,Mùi
4/1/2022,03/01/2022,Giáp,Thân
4/2/2022,03/02/2022,Ất,Dậu
4/3/2022,03/03/2022,Bính,Tuất
4/4/2022,03/04/2022,Đinh,Hợi
4/5/2022,03/05/2022,Mậu,Tý
4/6/2022,03/06/2022,Kỷ,Sửu
4/7/2022,03/07/2022,Canh,Dần
4/8/2022,03/08/2022,Tân,Mão
4/9/2022,03/09/2022,Nhâm,Thìn
4/10/2022,03/10/2022,Quý,Tỵ
4/11/2022,03/11/2022,Giáp,Ngọ
4/12/2022,03/12/2022,Ất,Mùi
4/13/2022,03/13/2022,Bính,Thân
4/14/2022,03/14/2022,Đinh,Dậu
4/15/2022,03/15/2022,Mậu,Tuất
4/16/2022,03/16/2022,Kỷ,Hợi
4/17/2022,03/17/2022,Canh,Tý
4/18/2022,03/18/2022,Tân,Sửu
4/19/2022,03/19/2022,Nhâm,Dần
4/20/2022,03/20/2022,Quý,Mão
4/21/2022,03/21/2022,Giáp,Thìn
4/22/2022,03/22/2022,Ất,Tỵ
4/23/2022,03/23/2022,Bính,Ngọ
4/24/2022,03/24/2022,Đinh,Mùi
4/25/2022,03/25/2022,Mậu,Thân
4/26/2022,03/26/2022,Kỷ,Dậu
4/27/2022,03/27/2022,Canh,Tuất
4/28/2022,03/28/2022,Tân,Hợi
4/29/2022,03/29/2022,Nhâm,Tý
4/30/2022,03/30/2022,Quý,Sửu
5/1/2022,04/01/2022,Giáp,Dần
5/2/2022,04/02/2022,Ất,Mão
5/3/2022,04/03/2022,Bính,Thìn
5/4/2022,04/04/2022,Đinh,Tỵ
5/5/2022,04/05/2022,Mậu,Ngọ
5/6/2022,04/06/2022,Kỷ,Mùi
5/7/2022,04/07/2022,Canh,Thân
5/8/2022,04/08/2022,Tân,Dậu
5/9/2022,04/09/2022,Nhâm,Tuất
5/10/2022,04/10/2022,Quý,Hợi
5/11/2022,04/11/2022,Giáp,Tý
5/12/2022,04/12/2022,Ất,Sửu
5/13/2022,04/13/2022,Bính,Dần
5/14/2022,04/14/2022,Đinh,Mão
5/15/2022,04/15/2022,Mậu,Thìn
5/16/2022,04/16/2022,Kỷ,Tỵ
5/17/2022,04/17/2022,Canh,Ngọ
5/18/2022,04/18/2022,Tân,Mùi
5/19/2022,04/19/2022,Nhâm,Thân
5/20/2022,04/20/2022,Quý,Dậu
5/21/2022,04/21/2022,Giáp,Tuất
5/22/2022,04/22/2022,Ất,Hợi
5/23/2022,04/23/2022,Bính,Tý
5/24/2022,04/24/2022,Đinh,Sửu
5/25/2022,04/25/2022,Mậu,Dần
5/26/2022,04/26/2022,Kỷ,Mão
5/27/2022,04/27/2022,Canh,Thìn
5/28/2022,04/28/2022,Tân,Tỵ
5/29/2022,04/29/2022,Nhâm,Ngọ
5/30/2022,05/01/2022,Quý,Mùi
5/31/2022,05/02/2022,Giáp,Thân
6/1/2022,05/03/2022,Ất,Dậu
6/2/2022,05/04/2022,Bính,Tuất
6/3/2022,05/05/2022,Đinh,Hợi
6/4/2022,05/06/2022,Mậu,Tý
6/5/2022,05/07/2022,Kỷ,Sửu
6/6/2022,05/08/2022,Canh,Dần
6/7/2022,05/09/2022,Tân,Mão
6/8/2022,05/10/2022,Nhâm,Thìn
6/9/2022,05/11/2022,Quý,Tỵ
6/10/2022,05/12/2022,Giáp,Ngọ
6/11/2022,05/13/2022,Ất,Mùi
6/12/2022,05/14/2022,Bính,Thân
6/13/2022,05/15/2022,Đinh,Dậu
6/14/2022,05/16/2022,Mậu,Tuất
6/15/2022,05/17/2022,Kỷ,Hợi
6/16/2022,05/18/2022,Canh,Tý
6/17/2022,05/19/2022,Tân,Sửu
6/18/2022,05/20/2022,Nhâm,Dần
6/19/2022,05/21/2022,Quý,Mão
6/20/2022,05/22/2022,Giáp,Thìn
6/21/2022,05/23/2022,Ất,Tỵ
6/22/2022,05/24/2022,Bính,Ngọ
6/23/2022,05/25/2022,Đinh,Mùi
6/24/2022,05/26/2022,Mậu,Thân
6/25/2022,05/27/2022,Kỷ,Dậu
6/26/2022,05/28/2022,Canh,Tuất
6/27/2022,05/29/2022,Tân,Hợi
6/28/2022,05/30/2022,Nhâm,Tý
6/29/2022,06/01/2022,Quý,Sửu
6/30/2022,06/02/2022,Giáp,Dần
7/1/2022,06/03/2022,Ất,Mão
7/2/2022,06/04/2022,Bính,Thìn
7/3/2022,06/05/2022,Đinh,Tỵ
7/4/2022,06/06/2022,Mậu,Ngọ
7/5/2022,06/07/2022,Kỷ,Mùi
7/6/2022,06/08/2022,Canh,Thân
7/7/2022,06/09/2022,Tân,Dậu
7/8/2022,06/10/2022,Nhâm,Tuất
7/9/2022,06/11/2022,Quý,Hợi
7/10/2022,06/12/2022,Giáp,Tý
7/11/2022,06/13/2022,Ất,Sửu
7/12/2022,06/14/2022,Bính,Dần
7/13/2022,06/15/2022,Đinh,Mão
7/14/2022,06/16/2022,Mậu,Thìn
7/15/2022,06/17/2022,Kỷ,Tỵ
7/16/2022,06/18/2022,Canh,Ngọ
7/17/2022,06/19/2022,Tân,Mùi
7/18/2022,06/20/2022,Nhâm,Thân
7/19/2022,06/21/2022,Quý,Dậu
7/20/2022,06/22/2022,Giáp,Tuất
7/21/2022,06/23/2022,Ất,Hợi
7/22/2022,06/24/2022,Bính,Tý
7/23/2022,06/25/2022,Đinh,Sửu
7/24/2022,06/26/2022,Mậu,Dần
7/25/2022,06/27/2022,Kỷ,Mão
7/26/2022,06/28/2022,Canh,Thìn
7/27/2022,06/29/2022,Tân,Tỵ
7/28/2022,06/30/2022,Nhâm,Ngọ
7/29/2022,07/01/2022,Quý,Mùi
7/30/2022,07/02/2022,Giáp,Thân
7/31/2022,07/03/2022,Ất,Dậu
8/1/2022,07/04/2022,Bính,Tuất
8/2/2022,07/05/2022,Đinh,Hợi
8/3/2022,07/06/2022,Mậu,Tý
8/4/2022,07/07/2022,Kỷ,Sửu
8/5/2022,07/08/2022,Canh,Dần
8/6/2022,07/09/2022,Tân,Mão
8/7/2022,07/10/2022,Nhâm,Thìn
8/8/2022,07/11/2022,Quý,Tỵ
8/9/2022,07/12/2022,Giáp,Ngọ
8/10/2022,07/13/2022,Ất,Mùi
8/11/2022,07/14/2022,Bính,Thân
8/12/2022,07/15/2022,Đinh,Dậu
8/13/2022,07/16/2022,Mậu,Tuất
8/14/2022,07/17/2022,Kỷ,Hợi
8/15/2022,07/18/2022,Canh,Tý
8/16/2022,07/19/2022,Tân,Sửu
8/17/2022,07/20/2022,Nhâm,Dần
8/18/2022,07/21/2022,Quý,Mão
8/19/2022,07/22/2022,Giáp,Thìn
8/20/2022,07/23/2022,Ất,Tỵ
8/21/2022,07/24/2022,Bính,Ngọ
8/22/2022,07/25/2022,Đinh,Mùi
8/23/2022,07/26/2022,Mậu,Thân
8/24/2022,07/27/2022,Kỷ,Dậu
8/25/2022,07/28/2022,Canh,Tuất
8/26/2022,07/29/2022,Tân,Hợi
8/27/2022,08/01/2022,Nhâm,Tý
8/28/2022,08/02/2022,Quý,Sửu
8/29/2022,08/03/2022,Giáp,Dần
8/30/2022,08/04/2022,Ất,Mão
8/31/2022,08/05/2022,Bính,Thìn
9/1/2022,08/06/2022,Đinh,Tỵ
9/2/2022,08/07/2022,Mậu,Ngọ
9/3/2022,08/08/2022,Kỷ,Mùi
9/4/2022,08/09/2022,Canh,Thân
9/5/2022,08/10/2022,Tân,Dậu
9/6/2022,08/11/2022,Nhâm,Tuất
9/7/2022,08/12/2022,Quý,Hợi
9/8/2022,08/13/2022,Giáp,Tý
9/9/2022,08/14/2022,Ất,Sửu
9/10/2022,08/15/2022,Bính,Dần
9/11/2022,08/16/2022,Đinh,Mão
9/12/2022,08/17/2022,Mậu,Thìn
9/13/2022,08/18/2022,Kỷ,Tỵ
9/14/2022,08/19/2022,Canh,Ngọ
9/15/2022,08/20/2022,Tân,Mùi
9/16/2022,08/21/2022,Nhâm,Thân
9/17/2022,08/22/2022,Quý,Dậu
9/18/2022,08/23/2022,Giáp,Tuất
9/19/2022,08/24/2022,Ất,Hợi
9/20/2022,08/25/2022,Bính,Tý
9/21/2022,08/26/2022,Đinh,Sửu
9/22/2022,08/27/2022,Mậu,Dần
9/23/2022,08/28/2022,Kỷ,Mão
9/24/2022,08/29/2022,Canh,Thìn
9/25/2022,08/30/2022,Tân,Tỵ
9/26/2022,09/01/2022,Nhâm,Ngọ
9/27/2022,09/02/2022,Quý,Mùi
9/28/2022,09/03/2022,Giáp,Thân
9/29/2022,09/04/2022,Ất,Dậu
9/30/2022,09/05/2022,Bính,Tuất
10/1/2022,09/06/2022,Đinh,Hợi
10/2/2022,09/07/2022,Mậu,Tý
10/3/2022,09/08/2022,Kỷ,Sửu
10/4/2022,09/09/2022,Canh,Dần
10/5/2022,09/10/2022,Tân,Mão
10/6/2022,09/11/2022,Nhâm,Thìn
10/7/2022,09/12/2022,Quý,Tỵ
10/8/2022,09/13/2022,Giáp,Ngọ
10/9/2022,09/14/2022,Ất,Mùi
10/10/2022,09/15/2022,Bính,Thân
10/11/2022,09/16/2022,Đinh,Dậu
10/12/2022,09/17/2022,Mậu,Tuất
10/13/2022,09/18/2022,Kỷ,Hợi
10/14/2022,09/19/2022,Canh,Tý
10/15/2022,09/20/2022,Tân,Sửu
10/16/2022,09/21/2022,Nhâm,Dần
10/17/2022,09/22/2022,Quý,Mão
10/18/2022,09/23/2022,Giáp,Thìn
10/19/2022,09/24/2022,Ất,Tỵ
10/20/2022,09/25/2022,Bính,Ngọ
10/21/2022,09/26/2022,Đinh,Mùi
10/22/2022,09/27/2022,Mậu,Thân
10/23/2022,09/28/2022,Kỷ,Dậu
10/24/2022,09/29/2022,Canh,Tuất
10/25/2022,10/01/2022,Tân,Hợi
10/26/2022,10/02/2022,Nhâm,Tý
10/27/2022,10/03/2022,Quý,Sửu
10/28/2022,10/04/2022,Giáp,Dần
10/29/2022,10/05/2022,Ất,Mão
10/30/2022,10/06/2022,Bính,Thìn
10/31/2022,10/07/2022,Đinh,Tỵ
11/1/2022,10/08/2022,Mậu,Ngọ
11/2/2022,10/09/2022,Kỷ,Mùi
11/3/2022,10/10/2022,Canh,Thân
11/4/2022,10/11/2022,Tân,Dậu
11/5/2022,10/12/2022,Nhâm,Tuất
11/6/2022,10/13/2022,Quý,Hợi
11/7/2022,10/14/2022,Giáp,Tý
11/8/2022,10/15/2022,Ất,Sửu
11/9/2022,10/16/2022,Bính,Dần
11/10/2022,10/17/2022,Đinh,Mão
11/11/2022,10/18/2022,Mậu,Thìn
11/12/2022,10/19/2022,Kỷ,Tỵ
11/13/2022,10/20/2022,Canh,Ngọ
11/14/2022,10/21/2022,Tân,Mùi
11/15/2022,10/22/2022,Nhâm,Thân
11/16/2022,10/23/2022,Quý,Dậu
11/17/2022,10/24/2022,Giáp,Tuất
11/18/2022,10/25/2022,Ất,Hợi
11/19/2022,10/26/2022,Bính,Tý
11/20/2022,10/27/2022,Đinh,Sửu
11/21/2022,10/28/2022,Mậu,Dần
11/22/2022,10/29/2022,Kỷ,Mão
11/23/2022,10/30/2022,Canh,Thìn
11/24/2022,11/01/2022,Tân,Tỵ
11/25/2022,11/02/2022,Nhâm,Ngọ
11/26/2022,11/03/2022,Quý,Mùi
11/27/2022,11/04/2022,Giáp,Thân
11/28/2022,11/05/2022,Ất,Dậu
11/29/2022,11/06/2022,Bính,Tuất
11/30/2022,11/07/2022,Đinh,Hợi
12/1/2022,11/08/2022,Mậu,Tý
12/2/2022,11/09/2022,Kỷ,Sửu
12/3/2022,11/10/2022,Canh,Dần
12/4/2022,11/11/2022,Tân,Mão
12/5/2022,11/12/2022,Nhâm,Thìn
12/6/2022,11/13/2022,Quý,Tỵ
12/7/2022,11/14/2022,Giáp,Ngọ
12/8/2022,11/15/2022,Ất,Mùi
12/9/2022,11/16/2022,Bính,Thân
12/10/2022,11/17/2022,Đinh,Dậu
12/11/2022,11/18/2022,Mậu,Tuất
12/12/2022,11/19/2022,Kỷ,Hợi
12/13/2022,11/20/2022,Canh,Tý
12/14/2022,11/21/2022,Tân,Sửu
12/15/2022,11/22/2022,Nhâm,Dần
12/16/2022,11/23/2022,Quý,Mão
12/17/2022,11/24/2022,Giáp,Thìn
12/18/2022,11/25/2022,Ất,Tỵ
12/19/2022,11/26/2022,Bính,Ngọ
12/20/2022,11/27/2022,Đinh,Mùi
12/21/2022,11/28/2022,Mậu,Thân
12/22/2022,11/29/2022,Kỷ,Dậu
12/23/2022,12/01/2022,Canh,Tuất
12/24/2022,12/02/2022,Tân,Hợi
12/25/2022,12/03/2022,Nhâm,Tý
12/26/2022,12/04/2022,Quý,Sửu
12/27/2022,12/05/2022,Giáp,Dần
12/28/2022,12/06/2022,Ất,Mão
12/29/2022,12/07/2022,Bính,Thìn
12/30/2022,12/08/2022,Đinh,Tỵ
12/31/2022,12/09/2022,Mậu,Ngọ
1/1/2023,12/10/2022,Kỷ,Mùi
1/2/2023,12/11/2022,Canh,Thân
1/3/2023,12/12/2022,Tân,Dậu
1/4/2023,12/13/2022,Nhâm,Tuất
1/5/2023,12/14/2022,Quý,Hợi
1/6/2023,12/15/2022,Giáp,Tý
1/7/2023,12/16/2022,Ất,Sửu
1/8/2023,12/17/2022,Bính,Dần
1/9/2023,12/18/2022,Đinh,Mão
1/10/2023,12/19/2022,Mậu,Thìn
1/11/2023,12/20/2022,Kỷ,Tỵ
1/12/2023,12/21/2022,Canh,Ngọ
1/13/2023,12/22/2022,Tân,Mùi
1/14/2023,12/23/2022,Nhâm,Thân
1/15/2023,12/24/2022,Quý,Dậu
1/16/2023,12/25/2022,Giáp,Tuất
1/17/2023,12/26/2022,Ất,Hợi
1/18/2023,12/27/2022,Bính,Tý
1/19/2023,12/28/2022,Đinh,Sửu
1/20/2023,12/29/2022,Mậu,Dần
1/21/2023,12/30/2022,Kỷ,Mão
1/22/2023,01/01/2023,Canh,Thìn
1/23/2023,01/02/2023,Tân,Tỵ
1/24/2023,01/03/2023,Nhâm,Ngọ
1/25/2023,01/04/2023,Quý,Mùi
1/26/2023,01/05/2023,Giáp,Thân
1/27/2023,01/06/2023,Ất,Dậu
1/28/2023,01/07/2023,Bính,Tuất
1/29/2023,01/08/2023,Đinh,Hợi
1/30/2023,01/09/2023,Mậu,Tý
1/31/2023,01/10/2023,Kỷ,Sửu
2/1/2023,01/11/2023,Canh,Dần
2/2/2023,01/12/2023,Tân,Mão
2/3/2023,01/13/2023,Nhâm,Thìn
2/4/2023,01/14/2023,Quý,Tỵ
2/5/2023,01/15/2023,Giáp,Ngọ
2/6/2023,01/16/2023,Ất,Mùi
2/7/2023,01/17/2023,Bính,Thân
2/8/2023,01/18/2023,Đinh,Dậu
2/9/2023,01/19/2023,Mậu,Tuất
2/10/2023,01/20/2023,Kỷ,Hợi
2/11/2023,01/21/2023,Canh,Tý
2/12/2023,01/22/2023,Tân,Sửu
2/13/2023,01/23/2023,Nhâm,Dần
2/14/2023,01/24/2023,Quý,Mão
2/15/2023,01/25/2023,Giáp,Thìn
2/16/2023,01/26/2023,Ất,Tỵ
2/17/2023,01/27/2023,Bính,Ngọ
2/18/2023,01/28/2023,Đinh,Mùi
2/19/2023,01/29/2023,Mậu,Thân
2/20/2023,02/01/2023,Kỷ,Dậu
2/21/2023,02/02/2023,Canh,Tuất
2/22/2023,02/03/2023,Tân,Hợi
2/23/2023,02/04/2023,Nhâm,Tý
2/24/2023,02/05/2023,Quý,Sửu
2/25/2023,02/06/2023,Giáp,Dần
2/26/2023,02/07/2023,Ất,Mão
2/27/2023,02/08/2023,Bính,Thìn
2/28/2023,02/09/2023,Đinh,Tỵ
3/1/2023,02/10/2023,Mậu,Ngọ
3/2/2023,02/11/2023,Kỷ,Mùi
3/3/2023,02/12/2023,Canh,Thân
3/4/2023,02/13/2023,Tân,Dậu
3/5/2023,02/14/2023,Nhâm,Tuất
3/6/2023,02/15/2023,Quý,Hợi
3/7/2023,02/16/2023,Giáp,Tý
3/8/2023,02/17/2023,Ất,Sửu
3/9/2023,02/18/2023,Bính,Dần
3/10/2023,02/19/2023,Đinh,Mão
3/11/2023,02/20/2023,Mậu,Thìn
3/12/2023,02/21/2023,Kỷ,Tỵ
3/13/2023,02/22/2023,Canh,Ngọ
3/14/2023,02/23/2023,Tân,Mùi
3/15/2023,02/24/2023,Nhâm,Thân
3/16/2023,02/25/2023,Quý,Dậu
3/17/2023,02/26/2023,Giáp,Tuất
3/18/2023,02/27/2023,Ất,Hợi
3/19/2023,02/28/2023,Bính,Tý
3/20/2023,02/29/2023,Đinh,Sửu
3/21/2023,02/30/2023,Mậu,Dần
3/22/2023,-2/01/2023,Kỷ,Mão
3/23/2023,-2/02/2023,Canh,Thìn
3/24/2023,-2/03/2023,Tân,Tỵ
3/25/2023,-2/04/2023,Nhâm,Ngọ
3/26/2023,-2/05/2023,Quý,Mùi
3/27/2023,-2/06/2023,Giáp,Thân
3/28/2023,-2/07/2023,Ất,Dậu
3/29/2023,-2/08/2023,Bính,Tuất
3/30/2023,-2/09/2023,Đinh,Hợi
3/31/2023,-2/10/2023,Mậu,Tý
4/1/2023,-2/11/2023,Kỷ,Sửu
4/2/2023,-2/12/2023,Canh,Dần
4/3/2023,-2/13/2023,Tân,Mão
4/4/2023,-2/14/2023,Nhâm,Thìn
4/5/2023,-2/15/2023,Quý,Tỵ
4/6/2023,-2/16/2023,Giáp,Ngọ
4/7/2023,-2/17/2023,Ất,Mùi
4/8/2023,-2/18/2023,Bính,Thân
4/9/2023,-2/19/2023,Đinh,Dậu
4/10/2023,-2/20/2023,Mậu,Tuất
4/11/2023,-2/21/2023,Kỷ,Hợi
4/12/2023,-2/22/2023,Canh,Tý
4/13/2023,-2/23/2023,Tân,Sửu
4/14/2023,-2/24/2023,Nhâm,Dần
4/15/2023,-2/25/2023,Quý,Mão
4/16/2023,-2/26/2023,Giáp,Thìn
4/17/2023,-2/27/2023,Ất,Tỵ
4/18/2023,-2/28/2023,Bính,Ngọ
4/19/2023,-2/29/2023,Đinh,Mùi
4/20/2023,03/01/2023,Mậu,Thân
4/21/2023,03/02/2023,Kỷ,Dậu
4/22/2023,03/03/2023,Canh,Tuất
4/23/2023,03/04/2023,Tân,Hợi
4/24/2023,03/05/2023,Nhâm,Tý
4/25/2023,03/06/2023,Quý,Sửu
4/26/2023,03/07/2023,Giáp,Dần
4/27/2023,03/08/2023,Ất,Mão
4/28/2023,03/09/2023,Bính,Thìn
4/29/2023,03/10/2023,Đinh,Tỵ
4/30/2023,03/11/2023,Mậu,Ngọ
5/1/2023,03/12/2023,Kỷ,Mùi
5/2/2023,03/13/2023,Canh,Thân
5/3/2023,03/14/2023,Tân,Dậu
5/4/2023,03/15/2023,Nhâm,Tuất
5/5/2023,03/16/2023,Quý,Hợi
5/6/2023,03/17/2023,Giáp,Tý
5/7/2023,03/18/2023,Ất,Sửu
5/8/2023,03/19/2023,Bính,Dần
5/9/2023,03/20/2023,Đinh,Mão
5/10/2023,03/21/2023,Mậu,Thìn
5/11/2023,03/22/2023,Kỷ,Tỵ
5/12/2023,03/23/2023,Canh,Ngọ
5/13/2023,03/24/2023,Tân,Mùi
5/14/2023,03/25/2023,Nhâm,Thân
5/15/2023,03/26/2023,Quý,Dậu
5/16/2023,03/27/2023,Giáp,Tuất
5/17/2023,03/28/2023,Ất,Hợi
5/18/2023,03/29/2023,Bính,Tý
5/19/2023,04/01/2023,Đinh,Sửu
5/20/2023,04/02/2023,Mậu,Dần
5/21/2023,04/03/2023,Kỷ,Mão
5/22/2023,04/04/2023,Canh,Thìn
5/23/2023,04/05/2023,Tân,Tỵ
5/24/2023,04/06/2023,Nhâm,Ngọ
5/25/2023,04/07/2023,Quý,Mùi
5/26/2023,04/08/2023,Giáp,Thân
5/27/2023,04/09/2023,Ất,Dậu
5/28/2023,04/10/2023,Bính,Tuất
5/29/2023,04/11/2023,Đinh,Hợi
5/30/2023,04/12/2023,Mậu,Tý
5/31/2023,04/13/2023,Kỷ,Sửu
6/1/2023,04/14/2023,Canh,Dần
6/2/2023,04/15/2023,Tân,Mão
6/3/2023,04/16/2023,Nhâm,Thìn
6/4/2023,04/17/2023,Quý,Tỵ
6/5/2023,04/18/2023,Giáp,Ngọ
6/6/2023,04/19/2023,Ất,Mùi
6/7/2023,04/20/2023,Bính,Thân
6/8/2023,04/21/2023,Đinh,Dậu
6/9/2023,04/22/2023,Mậu,Tuất
6/10/2023,04/23/2023,Kỷ,Hợi
6/11/2023,04/24/2023,Canh,Tý
6/12/2023,04/25/2023,Tân,Sửu
6/13/2023,04/26/2023,Nhâm,Dần
6/14/2023,04/27/2023,Quý,Mão
6/15/2023,04/28/2023,Giáp,Thìn
6/16/2023,04/29/2023,Ất,Tỵ
6/17/2023,04/30/2023,Bính,Ngọ
6/18/2023,05/01/2023,Đinh,Mùi
6/19/2023,05/02/2023,Mậu,Thân
6/20/2023,05/03/2023,Kỷ,Dậu
6/21/2023,05/04/2023,Canh,Tuất
6/22/2023,05/05/2023,Tân,Hợi
6/23/2023,05/06/2023,Nhâm,Tý
6/24/2023,05/07/2023,Quý,Sửu
6/25/2023,05/08/2023,Giáp,Dần
6/26/2023,05/09/2023,Ất,Mão
6/27/2023,05/10/2023,Bính,Thìn
6/28/2023,05/11/2023,Đinh,Tỵ
6/29/2023,05/12/2023,Mậu,Ngọ
6/30/2023,05/13/2023,Kỷ,Mùi
7/1/2023,05/14/2023,Canh,Thân
7/2/2023,05/15/2023,Tân,Dậu
7/3/2023,05/16/2023,Nhâm,Tuất
7/4/2023,05/17/2023,Quý,Hợi
7/5/2023,05/18/2023,Giáp,Tý
7/6/2023,05/19/2023,Ất,Sửu
7/7/2023,05/20/2023,Bính,Dần
7/8/2023,05/21/2023,Đinh,Mão
7/9/2023,05/22/2023,Mậu,Thìn
7/10/2023,05/23/2023,Kỷ,Tỵ
7/11/2023,05/24/2023,Canh,Ngọ
7/12/2023,05/25/2023,Tân,Mùi
7/13/2023,05/26/2023,Nhâm,Thân
7/14/2023,05/27/2023,Quý,Dậu
7/15/2023,05/28/2023,Giáp,Tuất
7/16/2023,05/29/2023,Ất,Hợi
7/17/2023,05/30/2023,Bính,Tý
7/18/2023,06/01/2023,Đinh,Sửu
7/19/2023,06/02/2023,Mậu,Dần
7/20/2023,06/03/2023,Kỷ,Mão
7/21/2023,06/04/2023,Canh,Thìn
7/22/2023,06/05/2023,Tân,Tỵ
7/23/2023,06/06/2023,Nhâm,Ngọ
7/24/2023,06/07/2023,Quý,Mùi
7/25/2023,06/08/2023,Giáp,Thân
7/26/2023,06/09/2023,Ất,Dậu
7/27/2023,06/10/2023,Bính,Tuất
7/28/2023,06/11/2023,Đinh,Hợi
7/29/2023,06/12/2023,Mậu,Tý
7/30/2023,06/13/2023,Kỷ,Sửu
7/31/2023,06/14/2023,Canh,Dần
8/1/2023,06/15/2023,Tân,Mão
8/2/2023,06/16/2023,Nhâm,Thìn
8/3/2023,06/17/2023,Quý,Tỵ
8/4/2023,06/18/2023,Giáp,Ngọ
8/5/2023,06/19/2023,Ất,Mùi
8/6/2023,06/20/2023,Bính,Thân
8/7/2023,06/21/2023,Đinh,Dậu
8/8/2023,06/22/2023,Mậu,Tuất
8/9/2023,06/23/2023,Kỷ,Hợi
8/10/2023,06/24/2023,Canh,Tý
8/11/2023,06/25/2023,Tân,Sửu
8/12/2023,06/26/2023,Nhâm,Dần
8/13/2023,06/27/2023,Quý,Mão
8/14/2023,06/28/2023,Giáp,Thìn
8/15/2023,06/29/2023,Ất,Tỵ
8/16/2023,07/01/2023,Bính,Ngọ
8/17/2023,07/02/2023,Đinh,Mùi
8/18/2023,07/03/2023,Mậu,Thân
8/19/2023,07/04/2023,Kỷ,Dậu
8/20/2023,07/05/2023,Canh,Tuất
8/21/2023,07/06/2023,Tân,Hợi
8/22/2023,07/07/2023,Nhâm,Tý
8/23/2023,07/08/2023,Quý,Sửu
8/24/2023,07/09/2023,Giáp,Dần
8/25/2023,07/10/2023,Ất,Mão
8/26/2023,07/11/2023,Bính,Thìn
8/27/2023,07/12/2023,Đinh,Tỵ
8/28/2023,07/13/2023,Mậu,Ngọ
8/29/2023,07/14/2023,Kỷ,Mùi
8/30/2023,07/15/2023,Canh,Thân
8/31/2023,07/16/2023,Tân,Dậu
9/1/2023,07/17/2023,Nhâm,Tuất
9/2/2023,07/18/2023,Quý,Hợi
9/3/2023,07/19/2023,Giáp,Tý
9/4/2023,07/20/2023,Ất,Sửu
9/5/2023,07/21/2023,Bính,Dần
9/6/2023,07/22/2023,Đinh,Mão
9/7/2023,07/23/2023,Mậu,Thìn
9/8/2023,07/24/2023,Kỷ,Tỵ
9/9/2023,07/25/2023,Canh,Ngọ
9/10/2023,07/26/2023,Tân,Mùi
9/11/2023,07/27/2023,Nhâm,Thân
9/12/2023,07/28/2023,Quý,Dậu
9/13/2023,07/29/2023,Giáp,Tuất
9/14/2023,07/30/2023,Ất,Hợi
9/15/2023,08/01/2023,Bính,Tý
9/16/2023,08/02/2023,Đinh,Sửu
9/17/2023,08/03/2023,Mậu,Dần
9/18/2023,08/04/2023,Kỷ,Mão
9/19/2023,08/05/2023,Canh,Thìn
9/20/2023,08/06/2023,Tân,Tỵ
9/21/2023,08/07/2023,Nhâm,Ngọ
9/22/2023,08/08/2023,Quý,Mùi
9/23/2023,08/09/2023,Giáp,Thân
9/24/2023,08/10/2023,Ất,Dậu
9/25/2023,08/11/2023,Bính,Tuất
9/26/2023,08/12/2023,Đinh,Hợi
9/27/2023,08/13/2023,Mậu,Tý
9/28/2023,08/14/2023,Kỷ,Sửu
9/29/2023,08/15/2023,Canh,Dần
9/30/2023,08/16/2023,Tân,Mão
10/1/2023,08/17/2023,Nhâm,Thìn
10/2/2023,08/18/2023,Quý,Tỵ
10/3/2023,08/19/2023,Giáp,Ngọ
10/4/2023,08/20/2023,Ất,Mùi
10/5/2023,08/21/2023,Bính,Thân
10/6/2023,08/22/2023,Đinh,Dậu
10/7/2023,08/23/2023,Mậu,Tuất
10/8/2023,08/24/2023,Kỷ,Hợi
10/9/2023,08/25/2023,Canh,Tý
10/10/2023,08/26/2023,Tân,Sửu
10/11/2023,08/27/2023,Nhâm,Dần
10/12/2023,08/28/2023,Quý,Mão
10/13/2023,08/29/2023,Giáp,Thìn
10/14/2023,08/30/2023,Ất,Tỵ
10/15/2023,09/01/2023,Bính,Ngọ
10/16/2023,09/02/2023,Đinh,Mùi
10/17/2023,09/03/2023,Mậu,Thân
10/18/2023,09/04/2023,Kỷ,Dậu
10/19/2023,09/05/2023,Canh,Tuất
10/20/2023,09/06/2023,Tân,Hợi
10/21/2023,09/07/2023,Nhâm,Tý
10/22/2023,09/08/2023,Quý,Sửu
10/23/2023,09/09/2023,Giáp,Dần
10/24/2023,09/10/2023,Ất,Mão
10/25/2023,09/11/2023,Bính,Thìn
10/26/2023,09/12/2023,Đinh,Tỵ
10/27/2023,09/13/2023,Mậu,Ngọ
10/28/2023,09/14/2023,Kỷ,Mùi
10/29/2023,09/15/2023,Canh,Thân
10/30/2023,09/16/2023,Tân,Dậu
10/31/2023,09/17/2023,Nhâm,Tuất
11/1/2023,09/18/2023,Quý,Hợi
11/2/2023,09/19/2023,Giáp,Tý
11/3/2023,09/20/2023,Ất,Sửu
11/4/2023,09/21/2023,Bính,Dần
11/5/2023,09/22/2023,Đinh,Mão
11/6/2023,09/23/2023,Mậu,Thìn
11/7/2023,09/24/2023,Kỷ,Tỵ
11/8/2023,09/25/2023,Canh,Ngọ
11/9/2023,09/26/2023,Tân,Mùi
11/10/2023,09/27/2023,Nhâm,Thân
11/11/2023,09/28/2023,Quý,Dậu
11/12/2023,09/29/2023,Giáp,Tuất
11/13/2023,10/01/2023,Ất,Hợi
11/14/2023,10/02/2023,Bính,Tý
11/15/2023,10/03/2023,Đinh,Sửu
11/16/2023,10/04/2023,Mậu,Dần
11/17/2023,10/05/2023,Kỷ,Mão
11/18/2023,10/06/2023,Canh,Thìn
11/19/2023,10/07/2023,Tân,Tỵ
11/20/2023,10/08/2023,Nhâm,Ngọ
11/21/2023,10/09/2023,Quý,Mùi
11/22/2023,10/10/2023,Giáp,Thân
11/23/2023,10/11/2023,Ất,Dậu
11/24/2023,10/12/2023,Bính,Tuất
11/25/2023,10/13/2023,Đinh,Hợi
11/26/2023,10/14/2023,Mậu,Tý
11/27/2023,10/15/2023,Kỷ,Sửu
11/28/2023,10/16/2023,Canh,Dần
11/29/2023,10/17/2023,Tân,Mão
11/30/2023,10/18/2023,Nhâm,Thìn
12/1/2023,10/19/2023,Quý,Tỵ
12/2/2023,10/20/2023,Giáp,Ngọ
12/3/2023,10/21/2023,Ất,Mùi
12/4/2023,10/22/2023,Bính,Thân
12/5/2023,10/23/2023,Đinh,Dậu
12/6/2023,10/24/2023,Mậu,Tuất
12/7/2023,10/25/2023,Kỷ,Hợi
12/8/2023,10/26/2023,Canh,Tý
12/9/2023,10/27/2023,Tân,Sửu
12/10/2023,10/28/2023,Nhâm,Dần
12/11/2023,10/29/2023,Quý,Mão
12/12/2023,10/30/2023,Giáp,Thìn
12/13/2023,11/01/2023,Ất,Tỵ
12/14/2023,11/02/2023,Bính,Ngọ
12/15/2023,11/03/2023,Đinh,Mùi
12/16/2023,11/04/2023,Mậu,Thân
12/17/2023,11/05/2023,Kỷ,Dậu
12/18/2023,11/06/2023,Canh,Tuất
12/19/2023,11/07/2023,Tân,Hợi
12/20/2023,11/08/2023,Nhâm,Tý
12/21/2023,11/09/2023,Quý,Sửu
12/22/2023,11/10/2023,Giáp,Dần
12/23/2023,11/11/2023,Ất,Mão
12/24/2023,11/12/2023,Bính,Thìn
12/25/2023,11/13/2023,Đinh,Tỵ
12/26/2023,11/14/2023,Mậu,Ngọ
12/27/2023,11/15/2023,Kỷ,Mùi
12/28/2023,11/16/2023,Canh,Thân
12/29/2023,11/17/2023,Tân,Dậu
12/30/2023,11/18/2023,Nhâm,Tuất
12/31/2023,11/19/2023,Quý,Hợi
1/1/2024,11/20/2023,Giáp,Tý
1/2/2024,11/21/2023,Ất,Sửu
1/3/2024,11/22/2023,Bính,Dần
1/4/2024,11/23/2023,Đinh,Mão
1/5/2024,11/24/2023,Mậu,Thìn
1/6/2024,11/25/2023,Kỷ,Tỵ
1/7/2024,11/26/2023,Canh,Ngọ
1/8/2024,11/27/2023,Tân,Mùi
1/9/2024,11/28/2023,Nhâm,Thân
1/10/2024,11/29/2023,Quý,Dậu
1/11/2024,12/01/2023,Giáp,Tuất
1/12/2024,12/02/2023,Ất,Hợi
1/13/2024,12/03/2023,Bính,Tý
1/14/2024,12/04/2023,Đinh,Sửu
1/15/2024,12/05/2023,Mậu,Dần
1/16/2024,12/06/2023,Kỷ,Mão
1/17/2024,12/07/2023,Canh,Thìn
1/18/2024,12/08/2023,Tân,Tỵ
1/19/2024,12/09/2023,Nhâm,Ngọ
1/20/2024,12/10/2023,Quý,Mùi
1/21/2024,12/11/2023,Giáp,Thân
1/22/2024,12/12/2023,Ất,Dậu
1/23/2024,12/13/2023,Bính,Tuất
1/24/2024,12/14/2023,Đinh,Hợi
1/25/2024,12/15/2023,Mậu,Tý
1/26/2024,12/16/2023,Kỷ,Sửu
1/27/2024,12/17/2023,Canh,Dần
1/28/2024,12/18/2023,Tân,Mão
1/29/2024,12/19/2023,Nhâm,Thìn
1/30/2024,12/20/2023,Quý,Tỵ
1/31/2024,12/21/2023,Giáp,Ngọ
2/1/2024,12/22/2023,Ất,Mùi
2/2/2024,12/23/2023,Bính,Thân
2/3/2024,12/24/2023,Đinh,Dậu
2/4/2024,12/25/2023,Mậu,Tuất
2/5/2024,12/26/2023,Kỷ,Hợi
2/6/2024,12/27/2023,Canh,Tý
2/7/2024,12/28/2023,Tân,Sửu
2/8/2024,12/29/2023,Nhâm,Dần
2/9/2024,12/30/2023,Quý,Mão
2/10/2024,01/01/2024,Giáp,Thìn
2/11/2024,01/02/2024,Ất,Tỵ
2/12/2024,01/03/2024,Bính,Ngọ
2/13/2024,01/04/2024,Đinh,Mùi
2/14/2024,01/05/2024,Mậu,Thân
2/15/2024,01/06/2024,Kỷ,Dậu
2/16/2024,01/07/2024,Canh,Tuất
2/17/2024,01/08/2024,Tân,Hợi
2/18/2024,01/09/2024,Nhâm,Tý
2/19/2024,01/10/2024,Quý,Sửu
2/20/2024,01/11/2024,Giáp,Dần
2/21/2024,01/12/2024,Ất,Mão
2/22/2024,01/13/2024,Bính,Thìn
2/23/2024,01/14/2024,Đinh,Tỵ
2/24/2024,01/15/2024,Mậu,Ngọ
2/25/2024,01/16/2024,Kỷ,Mùi
2/26/2024,01/17/2024,Canh,Thân
2/27/2024,01/18/2024,Tân,Dậu
2/28/2024,01/19/2024,Nhâm,Tuất
2/29/2024,01/20/2024,Quý,Hợi
3/1/2024,01/21/2024,Giáp,Tý
3/2/2024,01/22/2024,Ất,Sửu
3/3/2024,01/23/2024,Bính,Dần
3/4/2024,01/24/2024,Đinh,Mão
3/5/2024,01/25/2024,Mậu,Thìn
3/6/2024,01/26/2024,Kỷ,Tỵ
3/7/2024,01/27/2024,Canh,Ngọ
3/8/2024,01/28/2024,Tân,Mùi
3/9/2024,01/29/2024,Nhâm,Thân
3/10/2024,02/01/2024,Quý,Dậu
3/11/2024,02/02/2024,Giáp,Tuất
3/12/2024,02/03/2024,Ất,Hợi
3/13/2024,02/04/2024,Bính,Tý
3/14/2024,02/05/2024,Đinh,Sửu
3/15/2024,02/06/2024,Mậu,Dần
3/16/2024,02/07/2024,Kỷ,Mão
3/17/2024,02/08/2024,Canh,Thìn
3/18/2024,02/09/2024,Tân,Tỵ
3/19/2024,02/10/2024,Nhâm,Ngọ
3/20/2024,02/11/2024,Quý,Mùi
3/21/2024,02/12/2024,Giáp,Thân
3/22/2024,02/13/2024,Ất,Dậu
3/23/2024,02/14/2024,Bính,Tuất
3/24/2024,02/15/2024,Đinh,Hợi
3/25/2024,02/16/2024,Mậu,Tý
3/26/2024,02/17/2024,Kỷ,Sửu
3/27/2024,02/18/2024,Canh,Dần
3/28/2024,02/19/2024,Tân,Mão
3/29/2024,02/20/2024,Nhâm,Thìn
3/30/2024,02/21/2024,Quý,Tỵ
3/31/2024,02/22/2024,Giáp,Ngọ
4/1/2024,02/23/2024,Ất,Mùi
4/2/2024,02/24/2024,Bính,Thân
4/3/2024,02/25/2024,Đinh,Dậu
4/4/2024,02/26/2024,Mậu,Tuất
4/5/2024,02/27/2024,Kỷ,Hợi
4/6/2024,02/28/2024,Canh,Tý
4/7/2024,02/29/2024,Tân,Sửu
4/8/2024,02/30/2024,Nhâm,Dần
4/9/2024,03/01/2024,Quý,Mão
4/10/2024,03/02/2024,Giáp,Thìn
4/11/2024,03/03/2024,Ất,Tỵ
4/12/2024,03/04/2024,Bính,Ngọ
4/13/2024,03/05/2024,Đinh,Mùi
4/14/2024,03/06/2024,Mậu,Thân
4/15/2024,03/07/2024,Kỷ,Dậu
4/16/2024,03/08/2024,Canh,Tuất
4/17/2024,03/09/2024,Tân,Hợi
4/18/2024,03/10/2024,Nhâm,Tý
4/19/2024,03/11/2024,Quý,Sửu
4/20/2024,03/12/2024,Giáp,Dần
4/21/2024,03/13/2024,Ất,Mão
4/22/2024,03/14/2024,Bính,Thìn
4/23/2024,03/15/2024,Đinh,Tỵ
4/24/2024,03/16/2024,Mậu,Ngọ
4/25/2024,03/17/2024,Kỷ,Mùi
4/26/2024,03/18/2024,Canh,Thân
4/27/2024,03/19/2024,Tân,Dậu
4/28/2024,03/20/2024,Nhâm,Tuất
4/29/2024,03/21/2024,Quý,Hợi
4/30/2024,03/22/2024,Giáp,Tý
5/1/2024,03/23/2024,Ất,Sửu
5/2/2024,03/24/2024,Bính,Dần
5/3/2024,03/25/2024,Đinh,Mão
5/4/2024,03/26/2024,Mậu,Thìn
5/5/2024,03/27/2024,Kỷ,Tỵ
5/6/2024,03/28/2024,Canh,Ngọ
5/7/2024,03/29/2024,Tân,Mùi
5/8/2024,04/01/2024,Nhâm,Thân
5/9/2024,04/02/2024,Quý,Dậu
5/10/2024,04/03/2024,Giáp,Tuất
5/11/2024,04/04/2024,Ất,Hợi
5/12/2024,04/05/2024,Bính,Tý
5/13/2024,04/06/2024,Đinh,Sửu
5/14/2024,04/07/2024,Mậu,Dần
5/15/2024,04/08/2024,Kỷ,Mão
5/16/2024,04/09/2024,Canh,Thìn
5/17/2024,04/10/2024,Tân,Tỵ
5/18/2024,04/11/2024,Nhâm,Ngọ
5/19/2024,04/12/2024,Quý,Mùi
5/20/2024,04/13/2024,Giáp,Thân
5/21/2024,04/14/2024,Ất,Dậu
5/22/2024,04/15/2024,Bính,Tuất
5/23/2024,04/16/2024,Đinh,Hợi
5/24/2024,04/17/2024,Mậu,Tý
5/25/2024,04/18/2024,Kỷ,Sửu
5/26/2024,04/19/2024,Canh,Dần
5/27/2024,04/20/2024,Tân,Mão
5/28/2024,04/21/2024,Nhâm,Thìn
5/29/2024,04/22/2024,Quý,Tỵ
5/30/2024,04/23/2024,Giáp,Ngọ
5/31/2024,04/24/2024,Ất,Mùi
6/1/2024,04/25/2024,Bính,Thân
6/2/2024,04/26/2024,Đinh,Dậu
6/3/2024,04/27/2024,Mậu,Tuất
6/4/2024,04/28/2024,Kỷ,Hợi
6/5/2024,04/29/2024,Canh,Tý
6/6/2024,05/01/2024,Tân,Sửu
6/7/2024,05/02/2024,Nhâm,Dần
6/8/2024,05/03/2024,Quý,Mão
6/9/2024,05/04/2024,Giáp,Thìn
6/10/2024,05/05/2024,Ất,Tỵ
6/11/2024,05/06/2024,Bính,Ngọ
6/12/2024,05/07/2024,Đinh,Mùi
6/13/2024,05/08/2024,Mậu,Thân
6/14/2024,05/09/2024,Kỷ,Dậu
6/15/2024,05/10/2024,Canh,Tuất
6/16/2024,05/11/2024,Tân,Hợi
6/17/2024,05/12/2024,Nhâm,Tý
6/18/2024,05/13/2024,Quý,Sửu
6/19/2024,05/14/2024,Giáp,Dần
6/20/2024,05/15/2024,Ất,Mão
6/21/2024,05/16/2024,Bính,Thìn
6/22/2024,05/17/2024,Đinh,Tỵ
6/23/2024,05/18/2024,Mậu,Ngọ
6/24/2024,05/19/2024,Kỷ,Mùi
6/25/2024,05/20/2024,Canh,Thân
6/26/2024,05/21/2024,Tân,Dậu
6/27/2024,05/22/2024,Nhâm,Tuất
6/28/2024,05/23/2024,Quý,Hợi
6/29/2024,05/24/2024,Giáp,Tý
6/30/2024,05/25/2024,Ất,Sửu
7/1/2024,05/26/2024,Bính,Dần
7/2/2024,05/27/2024,Đinh,Mão
7/3/2024,05/28/2024,Mậu,Thìn
7/4/2024,05/29/2024,Kỷ,Tỵ
7/5/2024,05/30/2024,Canh,Ngọ
7/6/2024,06/01/2024,Tân,Mùi
7/7/2024,06/02/2024,Nhâm,Thân
7/8/2024,06/03/2024,Quý,Dậu
7/9/2024,06/04/2024,Giáp,Tuất
7/10/2024,06/05/2024,Ất,Hợi
7/11/2024,06/06/2024,Bính,Tý
7/12/2024,06/07/2024,Đinh,Sửu
7/13/2024,06/08/2024,Mậu,Dần
7/14/2024,06/09/2024,Kỷ,Mão
7/15/2024,06/10/2024,Canh,Thìn
7/16/2024,06/11/2024,Tân,Tỵ
7/17/2024,06/12/2024,Nhâm,Ngọ
7/18/2024,06/13/2024,Quý,Mùi
7/19/2024,06/14/2024,Giáp,Thân
7/20/2024,06/15/2024,Ất,Dậu
7/21/2024,06/16/2024,Bính,Tuất
7/22/2024,06/17/2024,Đinh,Hợi
7/23/2024,06/18/2024,Mậu,Tý
7/24/2024,06/19/2024,Kỷ,Sửu
7/25/2024,06/20/2024,Canh,Dần
7/26/2024,06/21/2024,Tân,Mão
7/27/2024,06/22/2024,Nhâm,Thìn
7/28/2024,06/23/2024,Quý,Tỵ
7/29/2024,06/24/2024,Giáp,Ngọ
7/30/2024,06/25/2024,Ất,Mùi
7/31/2024,06/26/2024,Bính,Thân
8/1/2024,06/27/2024,Đinh,Dậu
8/2/2024,06/28/2024,Mậu,Tuất
8/3/2024,06/29/2024,Kỷ,Hợi
8/4/2024,07/01/2024,Canh,Tý
8/5/2024,07/02/2024,Tân,Sửu
8/6/2024,07/03/2024,Nhâm,Dần
8/7/2024,07/04/2024,Quý,Mão
8/8/2024,07/05/2024,Giáp,Thìn
8/9/2024,07/06/2024,Ất,Tỵ
8/10/2024,07/07/2024,Bính,Ngọ
8/11/2024,07/08/2024,Đinh,Mùi
8/12/2024,07/09/2024,Mậu,Thân
8/13/2024,07/10/2024,Kỷ,Dậu
8/14/2024,07/11/2024,Canh,Tuất
8/15/2024,07/12/2024,Tân,Hợi
8/16/2024,07/13/2024,Nhâm,Tý
8/17/2024,07/14/2024,Quý,Sửu
8/18/2024,07/15/2024,Giáp,Dần
8/19/2024,07/16/2024,Ất,Mão
8/20/2024,07/17/2024,Bính,Thìn
8/21/2024,07/18/2024,Đinh,Tỵ
8/22/2024,07/19/2024,Mậu,Ngọ
8/23/2024,07/20/2024,Kỷ,Mùi
8/24/2024,07/21/2024,Canh,Thân
8/25/2024,07/22/2024,Tân,Dậu
8/26/2024,07/23/2024,Nhâm,Tuất
8/27/2024,07/24/2024,Quý,Hợi
8/28/2024,07/25/2024,Giáp,Tý
8/29/2024,07/26/2024,Ất,Sửu
8/30/2024,07/27/2024,Bính,Dần
8/31/2024,07/28/2024,Đinh,Mão
9/1/2024,07/29/2024,Mậu,Thìn
9/2/2024,07/30/2024,Kỷ,Tỵ
9/3/2024,08/01/2024,Canh,Ngọ
9/4/2024,08/02/2024,Tân,Mùi
9/5/2024,08/03/2024,Nhâm,Thân
9/6/2024,08/04/2024,Quý,Dậu
9/7/2024,08/05/2024,Giáp,Tuất
9/8/2024,08/06/2024,Ất,Hợi
9/9/2024,08/07/2024,Bính,Tý
9/10/2024,08/08/2024,Đinh,Sửu
9/11/2024,08/09/2024,Mậu,Dần
9/12/2024,08/10/2024,Kỷ,Mão
9/13/2024,08/11/2024,Canh,Thìn
9/14/2024,08/12/2024,Tân,Tỵ
9/15/2024,08/13/2024,Nhâm,Ngọ
9/16/2024,08/14/2024,Quý,Mùi
9/17/2024,08/15/2024,Giáp,Thân
9/18/2024,08/16/2024,Ất,Dậu
9/19/2024,08/17/2024,Bính,Tuất
9/20/2024,08/18/2024,Đinh,Hợi
9/21/2024,08/19/2024,Mậu,Tý
9/22/2024,08/20/2024,Kỷ,Sửu
9/23/2024,08/21/2024,Canh,Dần
9/24/2024,08/22/2024,Tân,Mão
9/25/2024,08/23/2024,Nhâm,Thìn
9/26/2024,08/24/2024,Quý,Tỵ
9/27/2024,08/25/2024,Giáp,Ngọ
9/28/2024,08/26/2024,Ất,Mùi
9/29/2024,08/27/2024,Bính,Thân
9/30/2024,08/28/2024,Đinh,Dậu
10/1/2024,08/29/2024,Mậu,Tuất
10/2/2024,08/30/2024,Kỷ,Hợi
10/3/2024,09/01/2024,Canh,Tý
10/4/2024,09/02/2024,Tân,Sửu
10/5/2024,09/03/2024,Nhâm,Dần
10/6/2024,09/04/2024,Quý,Mão
10/7/2024,09/05/2024,Giáp,Thìn
10/8/2024,09/06/2024,Ất,Tỵ
10/9/2024,09/07/2024,Bính,Ngọ
10/10/2024,09/08/2024,Đinh,Mùi
10/11/2024,09/09/2024,Mậu,Thân
10/12/2024,09/10/2024,Kỷ,Dậu
10/13/2024,09/11/2024,Canh,Tuất
10/14/2024,09/12/2024,Tân,Hợi
10/15/2024,09/13/2024,Nhâm,Tý
10/16/2024,09/14/2024,Quý,Sửu
10/17/2024,09/15/2024,Giáp,Dần
10/18/2024,09/16/2024,Ất,Mão
10/19/2024,09/17/2024,Bính,Thìn
10/20/2024,09/18/2024,Đinh,Tỵ
10/21/2024,09/19/2024,Mậu,Ngọ
10/22/2024,09/20/2024,Kỷ,Mùi
10/23/2024,09/21/2024,Canh,Thân
10/24/2024,09/22/2024,Tân,Dậu
10/25/2024,09/23/2024,Nhâm,Tuất
10/26/2024,09/24/2024,Quý,Hợi
10/27/2024,09/25/2024,Giáp,Tý
10/28/2024,09/26/2024,Ất,Sửu
10/29/2024,09/27/2024,Bính,Dần
10/30/2024,09/28/2024,Đinh,Mão
10/31/2024,09/29/2024,Mậu,Thìn
11/1/2024,10/01/2024,Kỷ,Tỵ
11/2/2024,10/02/2024,Canh,Ngọ
11/3/2024,10/03/2024,Tân,Mùi
11/4/2024,10/04/2024,Nhâm,Thân
11/5/2024,10/05/2024,Quý,Dậu
11/6/2024,10/06/2024,Giáp,Tuất
11/7/2024,10/07/2024,Ất,Hợi
11/8/2024,10/08/2024,Bính,Tý
11/9/2024,10/09/2024,Đinh,Sửu
11/10/2024,10/10/2024,Mậu,Dần
11/11/2024,10/11/2024,Kỷ,Mão
11/12/2024,10/12/2024,Canh,Thìn
11/13/2024,10/13/2024,Tân,Tỵ
11/14/2024,10/14/2024,Nhâm,Ngọ
11/15/2024,10/15/2024,Quý,Mùi
11/16/2024,10/16/2024,Giáp,Thân
11/17/2024,10/17/2024,Ất,Dậu
11/18/2024,10/18/2024,Bính,Tuất
11/19/2024,10/19/2024,Đinh,Hợi
11/20/2024,10/20/2024,Mậu,Tý
11/21/2024,10/21/2024,Kỷ,Sửu
11/22/2024,10/22/2024,Canh,Dần
11/23/2024,10/23/2024,Tân,Mão
11/24/2024,10/24/2024,Nhâm,Thìn
11/25/2024,10/25/2024,Quý,Tỵ
11/26/2024,10/26/2024,Giáp,Ngọ
11/27/2024,10/27/2024,Ất,Mùi
11/28/2024,10/28/2024,Bính,Thân
11/29/2024,10/29/2024,Đinh,Dậu
11/30/2024,10/30/2024,Mậu,Tuất
12/1/2024,11/01/2024,Kỷ,Hợi
12/2/2024,11/02/2024,Canh,Tý
12/3/2024,11/03/2024,Tân,Sửu
12/4/2024,11/04/2024,Nhâm,Dần
12/5/2024,11/05/2024,Quý,Mão
12/6/2024,11/06/2024,Giáp,Thìn
12/7/2024,11/07/2024,Ất,Tỵ
12/8/2024,11/08/2024,Bính,Ngọ
12/9/2024,11/09/2024,Đinh,Mùi
12/10/2024,11/10/2024,Mậu,Thân
12/11/2024,11/11/2024,Kỷ,Dậu
12/12/2024,11/12/2024,Canh,Tuất
12/13/2024,11/13/2024,Tân,Hợi
12/14/2024,11/14/2024,Nhâm,Tý
12/15/2024,11/15/2024,Quý,Sửu
12/16/2024,11/16/2024,Giáp,Dần
12/17/2024,11/17/2024,Ất,Mão
12/18/2024,11/18/2024,Bính,Thìn
12/19/2024,11/19/2024,Đinh,Tỵ
12/20/2024,11/20/2024,Mậu,Ngọ
12/21/2024,11/21/2024,Kỷ,Mùi
12/22/2024,11/22/2024,Canh,Thân
12/23/2024,11/23/2024,Tân,Dậu
12/24/2024,11/24/2024,Nhâm,Tuất
12/25/2024,11/25/2024,Quý,Hợi
12/26/2024,11/26/2024,Giáp,Tý
12/27/2024,11/27/2024,Ất,Sửu
12/28/2024,11/28/2024,Bính,Dần
12/29/2024,11/29/2024,Đinh,Mão
12/30/2024,11/30/2024,Mậu,Thìn
12/31/2024,12/01/2024,Kỷ,Tỵ
1/1/2025,12/02/2024,Canh,Ngọ
1/2/2025,12/03/2024,Tân,Mùi
1/3/2025,12/04/2024,Nhâm,Thân
1/4/2025,12/05/2024,Quý,Dậu
1/5/2025,12/06/2024,Giáp,Tuất
1/6/2025,12/07/2024,Ất,Hợi
1/7/2025,12/08/2024,Bính,Tý
1/8/2025,12/09/2024,Đinh,Sửu
1/9/2025,12/10/2024,Mậu,Dần
1/10/2025,12/11/2024,Kỷ,Mão
1/11/2025,12/12/2024,Canh,Thìn
1/12/2025,12/13/2024,Tân,Tỵ
1/13/2025,12/14/2024,Nhâm,Ngọ
1/14/2025,12/15/2024,Quý,Mùi
1/15/2025,12/16/2024,Giáp,Thân
1/16/2025,12/17/2024,Ất,Dậu
1/17/2025,12/18/2024,Bính,Tuất
1/18/2025,12/19/2024,Đinh,Hợi
1/19/2025,12/20/2024,Mậu,Tý
1/20/2025,12/21/2024,Kỷ,Sửu
1/21/2025,12/22/2024,Canh,Dần
1/22/2025,12/23/2024,Tân,Mão
1/23/2025,12/24/2024,Nhâm,Thìn
1/24/2025,12/25/2024,Quý,Tỵ
1/25/2025,12/26/2024,Giáp,Ngọ
1/26/2025,12/27/2024,Ất,Mùi
1/27/2025,12/28/2024,Bính,Thân
1/28/2025,12/29/2024,Đinh,Dậu
1/29/2025,01/01/2025,Mậu,Tuất
1/30/2025,01/02/2025,Kỷ,Hợi
1/31/2025,01/03/2025,Canh,Tý
2/1/2025,01/04/2025,Tân,Sửu
2/2/2025,01/05/2025,Nhâm,Dần
2/3/2025,01/06/2025,Quý,Mão
2/4/2025,01/07/2025,Giáp,Thìn
2/5/2025,01/08/2025,Ất,Tỵ
2/6/2025,01/09/2025,Bính,Ngọ
2/7/2025,01/10/2025,Đinh,Mùi
2/8/2025,01/11/2025,Mậu,Thân
2/9/2025,01/12/2025,Kỷ,Dậu
2/10/2025,01/13/2025,Canh,Tuất
2/11/2025,01/14/2025,Tân,Hợi
2/12/2025,01/15/2025,Nhâm,Tý
2/13/2025,01/16/2025,Quý,Sửu
2/14/2025,01/17/2025,Giáp,Dần
2/15/2025,01/18/2025,Ất,Mão
2/16/2025,01/19/2025,Bính,Thìn
2/17/2025,01/20/2025,Đinh,Tỵ
2/18/2025,01/21/2025,Mậu,Ngọ
2/19/2025,01/22/2025,Kỷ,Mùi
2/20/2025,01/23/2025,Canh,Thân
2/21/2025,01/24/2025,Tân,Dậu
2/22/2025,01/25/2025,Nhâm,Tuất
2/23/2025,01/26/2025,Quý,Hợi
2/24/2025,01/27/2025,Giáp,Tý
2/25/2025,01/28/2025,Ất,Sửu
2/26/2025,01/29/2025,Bính,Dần
2/27/2025,01/30/2025,Đinh,Mão
2/28/2025,02/01/2025,Mậu,Thìn
3/1/2025,02/02/2025,Kỷ,Tỵ
3/2/2025,02/03/2025,Canh,Ngọ
3/3/2025,02/04/2025,Tân,Mùi
3/4/2025,02/05/2025,Nhâm,Thân
3/5/2025,02/06/2025,Quý,Dậu
3/6/2025,02/07/2025,Giáp,Tuất
3/7/2025,02/08/2025,Ất,Hợi
3/8/2025,02/09/2025,Bính,Tý
3/9/2025,02/10/2025,Đinh,Sửu
3/10/2025,02/11/2025,Mậu,Dần
3/11/2025,02/12/2025,Kỷ,Mão
3/12/2025,02/13/2025,Canh,Thìn
3/13/2025,02/14/2025,Tân,Tỵ
3/14/2025,02/15/2025,Nhâm,Ngọ
3/15/2025,02/16/2025,Quý,Mùi
3/16/2025,02/17/2025,Giáp,Thân
3/17/2025,02/18/2025,Ất,Dậu
3/18/2025,02/19/2025,Bính,Tuất
3/19/2025,02/20/2025,Đinh,Hợi
3/20/2025,02/21/2025,Mậu,Tý
3/21/2025,02/22/2025,Kỷ,Sửu
3/22/2025,02/23/2025,Canh,Dần
3/23/2025,02/24/2025,Tân,Mão
3/24/2025,02/25/2025,Nhâm,Thìn
3/25/2025,02/26/2025,Quý,Tỵ
3/26/2025,02/27/2025,Giáp,Ngọ
3/27/2025,02/28/2025,Ất,Mùi
3/28/2025,02/29/2025,Bính,Thân
3/29/2025,03/01/2025,Đinh,Dậu
3/30/2025,03/02/2025,Mậu,Tuất
3/31/2025,03/03/2025,Kỷ,Hợi
4/1/2025,03/04/2025,Canh,Tý
4/2/2025,03/05/2025,Tân,Sửu
4/3/2025,03/06/2025,Nhâm,Dần
4/4/2025,03/07/2025,Quý,Mão
4/5/2025,03/08/2025,Giáp,Thìn
4/6/2025,03/09/2025,Ất,Tỵ
4/7/2025,03/10/2025,Bính,Ngọ
4/8/2025,03/11/2025,Đinh,Mùi
4/9/2025,03/12/2025,Mậu,Thân
4/10/2025,03/13/2025,Kỷ,Dậu
4/11/2025,03/14/2025,Canh,Tuất
4/12/2025,03/15/2025,Tân,Hợi
4/13/2025,03/16/2025,Nhâm,Tý
4/14/2025,03/17/2025,Quý,Sửu
4/15/2025,03/18/2025,Giáp,Dần
4/16/2025,03/19/2025,Ất,Mão
4/17/2025,03/20/2025,Bính,Thìn
4/18/2025,03/21/2025,Đinh,Tỵ
4/19/2025,03/22/2025,Mậu,Ngọ
4/20/2025,03/23/2025,Kỷ,Mùi
4/21/2025,03/24/2025,Canh,Thân
4/22/2025,03/25/2025,Tân,Dậu
4/23/2025,03/26/2025,Nhâm,Tuất
4/24/2025,03/27/2025,Quý,Hợi
4/25/2025,03/28/2025,Giáp,Tý
4/26/2025,03/29/2025,Ất,Sửu
4/27/2025,03/30/2025,Bính,Dần
4/28/2025,04/01/2025,Đinh,Mão
4/29/2025,04/02/2025,Mậu,Thìn
4/30/2025,04/03/2025,Kỷ,Tỵ
5/1/2025,04/04/2025,Canh,Ngọ
5/2/2025,04/05/2025,Tân,Mùi
5/3/2025,04/06/2025,Nhâm,Thân
5/4/2025,04/07/2025,Quý,Dậu
5/5/2025,04/08/2025,Giáp,Tuất
5/6/2025,04/09/2025,Ất,Hợi
5/7/2025,04/10/2025,Bính,Tý
5/8/2025,04/11/2025,Đinh,Sửu
5/9/2025,04/12/2025,Mậu,Dần
5/10/2025,04/13/2025,Kỷ,Mão
5/11/2025,04/14/2025,Canh,Thìn
5/12/2025,04/15/2025,Tân,Tỵ
5/13/2025,04/16/2025,Nhâm,Ngọ
5/14/2025,04/17/2025,Quý,Mùi
5/15/2025,04/18/2025,Giáp,Thân
5/16/2025,04/19/2025,Ất,Dậu
5/17/2025,04/20/2025,Bính,Tuất
5/18/2025,04/21/2025,Đinh,Hợi
5/19/2025,04/22/2025,Mậu,Tý
5/20/2025,04/23/2025,Kỷ,Sửu
5/21/2025,04/24/2025,Canh,Dần
5/22/2025,04/25/2025,Tân,Mão
5/23/2025,04/26/2025,Nhâm,Thìn
5/24/2025,04/27/2025,Quý,Tỵ
5/25/2025,04/28/2025,Giáp,Ngọ
5/26/2025,04/29/2025,Ất,Mùi
5/27/2025,05/01/2025,Bính,Thân
5/28/2025,05/02/2025,Đinh,Dậu
5/29/2025,05/03/2025,Mậu,Tuất
5/30/2025,05/04/2025,Kỷ,Hợi
5/31/2025,05/05/2025,Canh,Tý
6/1/2025,05/06/2025,Tân,Sửu
6/2/2025,05/07/2025,Nhâm,Dần
6/3/2025,05/08/2025,Quý,Mão
6/4/2025,05/09/2025,Giáp,Thìn
6/5/2025,05/10/2025,Ất,Tỵ
6/6/2025,05/11/2025,Bính,Ngọ
6/7/2025,05/12/2025,Đinh,Mùi
6/8/2025,05/13/2025,Mậu,Thân
6/9/2025,05/14/2025,Kỷ,Dậu
6/10/2025,05/15/2025,Canh,Tuất
6/11/2025,05/16/2025,Tân,Hợi
6/12/2025,05/17/2025,Nhâm,Tý
6/13/2025,05/18/2025,Quý,Sửu
6/14/2025,05/19/2025,Giáp,Dần
6/15/2025,05/20/2025,Ất,Mão
6/16/2025,05/21/2025,Bính,Thìn
6/17/2025,05/22/2025,Đinh,Tỵ
6/18/2025,05/23/2025,Mậu,Ngọ
6/19/2025,05/24/2025,Kỷ,Mùi
6/20/2025,05/25/2025,Canh,Thân
6/21/2025,05/26/2025,Tân,Dậu
6/22/2025,05/27/2025,Nhâm,Tuất
6/23/2025,05/28/2025,Quý,Hợi
6/24/2025,05/29/2025,Giáp,Tý
6/25/2025,06/01/2025,Ất,Sửu
6/26/2025,06/02/2025,Bính,Dần
6/27/2025,06/03/2025,Đinh,Mão
6/28/2025,06/04/2025,Mậu,Thìn
6/29/2025,06/05/2025,Kỷ,Tỵ
6/30/2025,06/06/2025,Canh,Ngọ
7/1/2025,06/07/2025,Tân,Mùi
7/2/2025,06/08/2025,Nhâm,Thân
7/3/2025,06/09/2025,Quý,Dậu
7/4/2025,06/10/2025,Giáp,Tuất
7/5/2025,06/11/2025,Ất,Hợi
7/6/2025,06/12/2025,Bính,Tý
7/7/2025,06/13/2025,Đinh,Sửu
7/8/2025,06/14/2025,Mậu,Dần
7/9/2025,06/15/2025,Kỷ,Mão
7/10/2025,06/16/2025,Canh,Thìn
7/11/2025,06/17/2025,Tân,Tỵ
7/12/2025,06/18/2025,Nhâm,Ngọ
7/13/2025,06/19/2025,Quý,Mùi
7/14/2025,06/20/2025,Giáp,Thân
7/15/2025,06/21/2025,Ất,Dậu
7/16/2025,06/22/2025,Bính,Tuất
7/17/2025,06/23/2025,Đinh,Hợi
7/18/2025,06/24/2025,Mậu,Tý
7/19/2025,06/25/2025,Kỷ,Sửu
7/20/2025,06/26/2025,Canh,Dần
7/21/2025,06/27/2025,Tân,Mão
7/22/2025,06/28/2025,Nhâm,Thìn
7/23/2025,06/29/2025,Quý,Tỵ
7/24/2025,06/30/2025,Giáp,Ngọ
7/25/2025,-6/01/2025,Ất,Mùi
7/26/2025,-6/02/2025,Bính,Thân
7/27/2025,-6/03/2025,Đinh,Dậu
7/28/2025,-6/04/2025,Mậu,Tuất
7/29/2025,-6/05/2025,Kỷ,Hợi
7/30/2025,-6/06/2025,Canh,Tý
7/31/2025,-6/07/2025,Tân,Sửu
8/1/2025,-6/08/2025,Nhâm,Dần
8/2/2025,-6/09/2025,Quý,Mão
8/3/2025,-6/10/2025,Giáp,Thìn
8/4/2025,-6/11/2025,Ất,Tỵ
8/5/2025,-6/12/2025,Bính,Ngọ
8/6/2025,-6/13/2025,Đinh,Mùi
8/7/2025,-6/14/2025,Mậu,Thân
8/8/2025,-6/15/2025,Kỷ,Dậu
8/9/2025,-6/16/2025,Canh,Tuất
8/10/2025,-6/17/2025,Tân,Hợi
8/11/2025,-6/18/2025,Nhâm,Tý
8/12/2025,-6/19/2025,Quý,Sửu
8/13/2025,-6/20/2025,Giáp,Dần
8/14/2025,-6/21/2025,Ất,Mão
8/15/2025,-6/22/2025,Bính,Thìn
8/16/2025,-6/23/2025,Đinh,Tỵ
8/17/2025,-6/24/2025,Mậu,Ngọ
8/18/2025,-6/25/2025,Kỷ,Mùi
8/19/2025,-6/26/2025,Canh,Thân
8/20/2025,-6/27/2025,Tân,Dậu
8/21/2025,-6/28/2025,Nhâm,Tuất
8/22/2025,-6/29/2025,Quý,Hợi
8/23/2025,07/01/2025,Giáp,Tý
8/24/2025,07/02/2025,Ất,Sửu
8/25/2025,07/03/2025,Bính,Dần
8/26/2025,07/04/2025,Đinh,Mão
8/27/2025,07/05/2025,Mậu,Thìn
8/28/2025,07/06/2025,Kỷ,Tỵ
8/29/2025,07/07/2025,Canh,Ngọ
8/30/2025,07/08/2025,Tân,Mùi
8/31/2025,07/09/2025,Nhâm,Thân
9/1/2025,07/10/2025,Quý,Dậu
9/2/2025,07/11/2025,Giáp,Tuất
9/3/2025,07/12/2025,Ất,Hợi
9/4/2025,07/13/2025,Bính,Tý
9/5/2025,07/14/2025,Đinh,Sửu
9/6/2025,07/15/2025,Mậu,Dần
9/7/2025,07/16/2025,Kỷ,Mão
9/8/2025,07/17/2025,Canh,Thìn
9/9/2025,07/18/2025,Tân,Tỵ
9/10/2025,07/19/2025,Nhâm,Ngọ
9/11/2025,07/20/2025,Quý,Mùi
9/12/2025,07/21/2025,Giáp,Thân
9/13/2025,07/22/2025,Ất,Dậu
9/14/2025,07/23/2025,Bính,Tuất
9/15/2025,07/24/2025,Đinh,Hợi
9/16/2025,07/25/2025,Mậu,Tý
9/17/2025,07/26/2025,Kỷ,Sửu
9/18/2025,07/27/2025,Canh,Dần
9/19/2025,07/28/2025,Tân,Mão
9/20/2025,07/29/2025,Nhâm,Thìn
9/21/2025,07/30/2025,Quý,Tỵ
9/22/2025,08/01/2025,Giáp,Ngọ
9/23/2025,08/02/2025,Ất,Mùi
9/24/2025,08/03/2025,Bính,Thân
9/25/2025,08/04/2025,Đinh,Dậu
9/26/2025,08/05/2025,Mậu,Tuất
9/27/2025,08/06/2025,Kỷ,Hợi
9/28/2025,08/07/2025,Canh,Tý
9/29/2025,08/08/2025,Tân,Sửu
9/30/2025,08/09/2025,Nhâm,Dần
10/1/2025,08/10/2025,Quý,Mão
10/2/2025,08/11/2025,Giáp,Thìn
10/3/2025,08/12/2025,Ất,Tỵ
10/4/2025,08/13/2025,Bính,Ngọ
10/5/2025,08/14/2025,Đinh,Mùi
10/6/2025,08/15/2025,Mậu,Thân
10/7/2025,08/16/2025,Kỷ,Dậu
10/8/2025,08/17/2025,Canh,Tuất
10/9/2025,08/18/2025,Tân,Hợi
10/10/2025,08/19/2025,Nhâm,Tý
10/11/2025,08/20/2025,Quý,Sửu
10/12/2025,08/21/2025,Giáp,Dần
10/13/2025,08/22/2025,Ất,Mão
10/14/2025,08/23/2025,Bính,Thìn
10/15/2025,08/24/2025,Đinh,Tỵ
10/16/2025,08/25/2025,Mậu,Ngọ
10/17/2025,08/26/2025,Kỷ,Mùi
10/18/2025,08/27/2025,Canh,Thân
10/19/2025,08/28/2025,Tân,Dậu
10/20/2025,08/29/2025,Nhâm,Tuất
10/21/2025,09/01/2025,Quý,Hợi
10/22/2025,09/02/2025,Giáp,Tý
10/23/2025,09/03/2025,Ất,Sửu
10/24/2025,09/04/2025,Bính,Dần
10/25/2025,09/05/2025,Đinh,Mão
10/26/2025,09/06/2025,Mậu,Thìn
10/27/2025,09/07/2025,Kỷ,Tỵ
10/28/2025,09/08/2025,Canh,Ngọ
10/29/2025,09/09/2025,Tân,Mùi
10/30/2025,09/10/2025,Nhâm,Thân
10/31/2025,09/11/2025,Quý,Dậu
11/1/2025,09/12/2025,Giáp,Tuất
11/2/2025,09/13/2025,Ất,Hợi
11/3/2025,09/14/2025,Bính,Tý
11/4/2025,09/15/2025,Đinh,Sửu
11/5/2025,09/16/2025,Mậu,Dần
11/6/2025,09/17/2025,Kỷ,Mão
11/7/2025,09/18/2025,Canh,Thìn
11/8/2025,09/19/2025,Tân,Tỵ
11/9/2025,09/20/2025,Nhâm,Ngọ
11/10/2025,09/21/2025,Quý,Mùi
11/11/2025,09/22/2025,Giáp,Thân
11/12/2025,09/23/2025,Ất,Dậu
11/13/2025,09/24/2025,Bính,Tuất
11/14/2025,09/25/2025,Đinh,Hợi
11/15/2025,09/26/2025,Mậu,Tý
11/16/2025,09/27/2025,Kỷ,Sửu
11/17/2025,09/28/2025,Canh,Dần
11/18/2025,09/29/2025,Tân,Mão
11/19/2025,09/30/2025,Nhâm,Thìn
11/20/2025,10/01/2025,Quý,Tỵ
11/21/2025,10/02/2025,Giáp,Ngọ
11/22/2025,10/03/2025,Ất,Mùi
11/23/2025,10/04/2025,Bính,Thân
11/24/2025,10/05/2025,Đinh,Dậu
11/25/2025,10/06/2025,Mậu,Tuất
11/26/2025,10/07/2025,Kỷ,Hợi
11/27/2025,10/08/2025,Canh,Tý
11/28/2025,10/09/2025,Tân,Sửu
11/29/2025,10/10/2025,Nhâm,Dần
11/30/2025,10/11/2025,Quý,Mão
12/1/2025,10/12/2025,Giáp,Thìn
12/2/2025,10/13/2025,Ất,Tỵ
12/3/2025,10/14/2025,Bính,Ngọ
12/4/2025,10/15/2025,Đinh,Mùi
12/5/2025,10/16/2025,Mậu,Thân
12/6/2025,10/17/2025,Kỷ,Dậu
12/7/2025,10/18/2025,Canh,Tuất
12/8/2025,10/19/2025,Tân,Hợi
12/9/2025,10/20/2025,Nhâm,Tý
12/10/2025,10/21/2025,Quý,Sửu
12/11/2025,10/22/2025,Giáp,Dần
12/12/2025,10/23/2025,Ất,Mão
12/13/2025,10/24/2025,Bính,Thìn
12/14/2025,10/25/2025,Đinh,Tỵ
12/15/2025,10/26/2025,Mậu,Ngọ
12/16/2025,10/27/2025,Kỷ,Mùi
12/17/2025,10/28/2025,Canh,Thân
12/18/2025,10/29/2025,Tân,Dậu
12/19/2025,10/30/2025,Nhâm,Tuất
12/20/2025,11/01/2025,Quý,Hợi
12/21/2025,11/02/2025,Giáp,Tý
12/22/2025,11/03/2025,Ất,Sửu
12/23/2025,11/04/2025,Bính,Dần
12/24/2025,11/05/2025,Đinh,Mão
12/25/2025,11/06/2025,Mậu,Thìn
12/26/2025,11/07/2025,Kỷ,Tỵ
12/27/2025,11/08/2025,Canh,Ngọ
12/28/2025,11/09/2025,Tân,Mùi
12/29/2025,11/10/2025,Nhâm,Thân
12/30/2025,11/11/2025,Quý,Dậu
12/31/2025,11/12/2025,Giáp,Tuất
1/1/2026,11/13/2025,Ất,Hợi
1/2/2026,11/14/2025,Bính,Tý
1/3/2026,11/15/2025,Đinh,Sửu
1/4/2026,11/16/2025,Mậu,Dần
1/5/2026,11/17/2025,Kỷ,Mão
1/6/2026,11/18/2025,Canh,Thìn
1/7/2026,11/19/2025,Tân,Tỵ
1/8/2026,11/20/2025,Nhâm,Ngọ
1/9/2026,11/21/2025,Quý,Mùi
1/10/2026,11/22/2025,Giáp,Thân
1/11/2026,11/23/2025,Ất,Dậu
1/12/2026,11/24/2025,Bính,Tuất
1/13/2026,11/25/2025,Đinh,Hợi
1/14/2026,11/26/2025,Mậu,Tý
1/15/2026,11/27/2025,Kỷ,Sửu
1/16/2026,11/28/2025,Canh,Dần
1/17/2026,11/29/2025,Tân,Mão
1/18/2026,11/30/2025,Nhâm,Thìn
1/19/2026,12/01/2025,Quý,Tỵ
1/20/2026,12/02/2025,Giáp,Ngọ
1/21/2026,12/03/2025,Ất,Mùi
1/22/2026,12/04/2025,Bính,Thân
1/23/2026,12/05/2025,Đinh,Dậu
1/24/2026,12/06/2025,Mậu,Tuất
1/25/2026,12/07/2025,Kỷ,Hợi
1/26/2026,12/08/2025,Canh,Tý
1/27/2026,12/09/2025,Tân,Sửu
1/28/2026,12/10/2025,Nhâm,Dần
1/29/2026,12/11/2025,Quý,Mão
1/30/2026,12/12/2025,Giáp,Thìn
1/31/2026,12/13/2025,Ất,Tỵ
2/1/2026,12/14/2025,Bính,Ngọ
2/2/2026,12/15/2025,Đinh,Mùi
2/3/2026,12/16/2025,Mậu,Thân
2/4/2026,12/17/2025,Kỷ,Dậu
2/5/2026,12/18/2025,Canh,Tuất
2/6/2026,12/19/2025,Tân,Hợi
2/7/2026,12/20/2025,Nhâm,Tý
2/8/2026,12/21/2025,Quý,Sửu
2/9/2026,12/22/2025,Giáp,Dần
2/10/2026,12/23/2025,Ất,Mão
2/11/2026,12/24/2025,Bính,Thìn
2/12/2026,12/25/2025,Đinh,Tỵ
2/13/2026,12/26/2025,Mậu,Ngọ
2/14/2026,12/27/2025,Kỷ,Mùi
2/15/2026,12/28/2025,Canh,Thân
2/16/2026,12/29/2025,Tân,Dậu
2/17/2026,01/01/2026,Nhâm,Tuất
2/18/2026,01/02/2026,Quý,Hợi
2/19/2026,01/03/2026,Giáp,Tý
2/20/2026,01/04/2026,Ất,Sửu
2/21/2026,01/05/2026,Bính,Dần
2/22/2026,01/06/2026,Đinh,Mão
2/23/2026,01/07/2026,Mậu,Thìn
2/24/2026,01/08/2026,Kỷ,Tỵ
2/25/2026,01/09/2026,Canh,Ngọ
2/26/2026,01/10/2026,Tân,Mùi
2/27/2026,01/11/2026,Nhâm,Thân
2/28/2026,01/12/2026,Quý,Dậu
3/1/2026,01/13/2026,Giáp,Tuất
3/2/2026,01/14/2026,Ất,Hợi
3/3/2026,01/15/2026,Bính,Tý
3/4/2026,01/16/2026,Đinh,Sửu
3/5/2026,01/17/2026,Mậu,Dần
3/6/2026,01/18/2026,Kỷ,Mão
3/7/2026,01/19/2026,Canh,Thìn
3/8/2026,01/20/2026,Tân,Tỵ
3/9/2026,01/21/2026,Nhâm,Ngọ
3/10/2026,01/22/2026,Quý,Mùi
3/11/2026,01/23/2026,Giáp,Thân
3/12/2026,01/24/2026,Ất,Dậu
3/13/2026,01/25/2026,Bính,Tuất
3/14/2026,01/26/2026,Đinh,Hợi
3/15/2026,01/27/2026,Mậu,Tý
3/16/2026,01/28/2026,Kỷ,Sửu
3/17/2026,01/29/2026,Canh,Dần
3/18/2026,01/30/2026,Tân,Mão
3/19/2026,02/01/2026,Nhâm,Thìn
3/20/2026,02/02/2026,Quý,Tỵ
3/21/2026,02/03/2026,Giáp,Ngọ
3/22/2026,02/04/2026,Ất,Mùi
3/23/2026,02/05/2026,Bính,Thân
3/24/2026,02/06/2026,Đinh,Dậu
3/25/2026,02/07/2026,Mậu,Tuất
3/26/2026,02/08/2026,Kỷ,Hợi
3/27/2026,02/09/2026,Canh,Tý
3/28/2026,02/10/2026,Tân,Sửu
3/29/2026,02/11/2026,Nhâm,Dần
3/30/2026,02/12/2026,Quý,Mão
3/31/2026,02/13/2026,Giáp,Thìn
4/1/2026,02/14/2026,Ất,Tỵ
4/2/2026,02/15/2026,Bính,Ngọ
4/3/2026,02/16/2026,Đinh,Mùi
4/4/2026,02/17/2026,Mậu,Thân
4/5/2026,02/18/2026,Kỷ,Dậu
4/6/2026,02/19/2026,Canh,Tuất
4/7/2026,02/20/2026,Tân,Hợi
4/8/2026,02/21/2026,Nhâm,Tý
4/9/2026,02/22/2026,Quý,Sửu
4/10/2026,02/23/2026,Giáp,Dần
4/11/2026,02/24/2026,Ất,Mão
4/12/2026,02/25/2026,Bính,Thìn
4/13/2026,02/26/2026,Đinh,Tỵ
4/14/2026,02/27/2026,Mậu,Ngọ
4/15/2026,02/28/2026,Kỷ,Mùi
4/16/2026,02/29/2026,Canh,Thân
4/17/2026,03/01/2026,Tân,Dậu
4/18/2026,03/02/2026,Nhâm,Tuất
4/19/2026,03/03/2026,Quý,Hợi
4/20/2026,03/04/2026,Giáp,Tý
4/21/2026,03/05/2026,Ất,Sửu
4/22/2026,03/06/2026,Bính,Dần
4/23/2026,03/07/2026,Đinh,Mão
4/24/2026,03/08/2026,Mậu,Thìn
4/25/2026,03/09/2026,Kỷ,Tỵ
4/26/2026,03/10/2026,Canh,Ngọ
4/27/2026,03/11/2026,Tân,Mùi
4/28/2026,03/12/2026,Nhâm,Thân
4/29/2026,03/13/2026,Quý,Dậu
4/30/2026,03/14/2026,Giáp,Tuất
5/1/2026,03/15/2026,Ất,Hợi
5/2/2026,03/16/2026,Bính,Tý
5/3/2026,03/17/2026,Đinh,Sửu
5/4/2026,03/18/2026,Mậu,Dần
5/5/2026,03/19/2026,Kỷ,Mão
5/6/2026,03/20/2026,Canh,Thìn
5/7/2026,03/21/2026,Tân,Tỵ
5/8/2026,03/22/2026,Nhâm,Ngọ
5/9/2026,03/23/2026,Quý,Mùi
5/10/2026,03/24/2026,Giáp,Thân
5/11/2026,03/25/2026,Ất,Dậu
5/12/2026,03/26/2026,Bính,Tuất
5/13/2026,03/27/2026,Đinh,Hợi
5/14/2026,03/28/2026,Mậu,Tý
5/15/2026,03/29/2026,Kỷ,Sửu
5/16/2026,03/30/2026,Canh,Dần
5/17/2026,04/01/2026,Tân,Mão
5/18/2026,04/02/2026,Nhâm,Thìn
5/19/2026,04/03/2026,Quý,Tỵ
5/20/2026,04/04/2026,Giáp,Ngọ
5/21/2026,04/05/2026,Ất,Mùi
5/22/2026,04/06/2026,Bính,Thân
5/23/2026,04/07/2026,Đinh,Dậu
5/24/2026,04/08/2026,Mậu,Tuất
5/25/2026,04/09/2026,Kỷ,Hợi
5/26/2026,04/10/2026,Canh,Tý
5/27/2026,04/11/2026,Tân,Sửu
5/28/2026,04/12/2026,Nhâm,Dần
5/29/2026,04/13/2026,Quý,Mão
5/30/2026,04/14/2026,Giáp,Thìn
5/31/2026,04/15/2026,Ất,Tỵ
6/1/2026,04/16/2026,Bính,Ngọ
6/2/2026,04/17/2026,Đinh,Mùi
6/3/2026,04/18/2026,Mậu,Thân
6/4/2026,04/19/2026,Kỷ,Dậu
6/5/2026,04/20/2026,Canh,Tuất
6/6/2026,04/21/2026,Tân,Hợi
6/7/2026,04/22/2026,Nhâm,Tý
6/8/2026,04/23/2026,Quý,Sửu
6/9/2026,04/24/2026,Giáp,Dần
6/10/2026,04/25/2026,Ất,Mão
6/11/2026,04/26/2026,Bính,Thìn
6/12/2026,04/27/2026,Đinh,Tỵ
6/13/2026,04/28/2026,Mậu,Ngọ
6/14/2026,04/29/2026,Kỷ,Mùi
6/15/2026,05/01/2026,Canh,Thân
6/16/2026,05/02/2026,Tân,Dậu
6/17/2026,05/03/2026,Nhâm,Tuất
6/18/2026,05/04/2026,Quý,Hợi
6/19/2026,05/05/2026,Giáp,Tý
6/20/2026,05/06/2026,Ất,Sửu
6/21/2026,05/07/2026,Bính,Dần
6/22/2026,05/08/2026,Đinh,Mão
6/23/2026,05/09/2026,Mậu,Thìn
6/24/2026,05/10/2026,Kỷ,Tỵ
6/25/2026,05/11/2026,Canh,Ngọ
6/26/2026,05/12/2026,Tân,Mùi
6/27/2026,05/13/2026,Nhâm,Thân
6/28/2026,05/14/2026,Quý,Dậu
6/29/2026,05/15/2026,Giáp,Tuất
6/30/2026,05/16/2026,Ất,Hợi
7/1/2026,05/17/2026,Bính,Tý
7/2/2026,05/18/2026,Đinh,Sửu
7/3/2026,05/19/2026,Mậu,Dần
7/4/2026,05/20/2026,Kỷ,Mão
7/5/2026,05/21/2026,Canh,Thìn
7/6/2026,05/22/2026,Tân,Tỵ
7/7/2026,05/23/2026,Nhâm,Ngọ
7/8/2026,05/24/2026,Quý,Mùi
7/9/2026,05/25/2026,Giáp,Thân
7/10/2026,05/26/2026,Ất,Dậu
7/11/2026,05/27/2026,Bính,Tuất
7/12/2026,05/28/2026,Đinh,Hợi
7/13/2026,05/29/2026,Mậu,Tý
7/14/2026,06/01/2026,Kỷ,Sửu
7/15/2026,06/02/2026,Canh,Dần
7/16/2026,06/03/2026,Tân,Mão
7/17/2026,06/04/2026,Nhâm,Thìn
7/18/2026,06/05/2026,Quý,Tỵ
7/19/2026,06/06/2026,Giáp,Ngọ
7/20/2026,06/07/2026,Ất,Mùi
7/21/2026,06/08/2026,Bính,Thân
7/22/2026,06/09/2026,Đinh,Dậu
7/23/2026,06/10/2026,Mậu,Tuất
7/24/2026,06/11/2026,Kỷ,Hợi
7/25/2026,06/12/2026,Canh,Tý
7/26/2026,06/13/2026,Tân,Sửu
7/27/2026,06/14/2026,Nhâm,Dần
7/28/2026,06/15/2026,Quý,Mão
7/29/2026,06/16/2026,Giáp,Thìn
7/30/2026,06/17/2026,Ất,Tỵ
7/31/2026,06/18/2026,Bính,Ngọ
8/1/2026,06/19/2026,Đinh,Mùi
8/2/2026,06/20/2026,Mậu,Thân
8/3/2026,06/21/2026,Kỷ,Dậu
8/4/2026,06/22/2026,Canh,Tuất
8/5/2026,06/23/2026,Tân,Hợi
8/6/2026,06/24/2026,Nhâm,Tý
8/7/2026,06/25/2026,Quý,Sửu
8/8/2026,06/26/2026,Giáp,Dần
8/9/2026,06/27/2026,Ất,Mão
8/10/2026,06/28/2026,Bính,Thìn
8/11/2026,06/29/2026,Đinh,Tỵ
8/12/2026,06/30/2026,Mậu,Ngọ
8/13/2026,07/01/2026,Kỷ,Mùi
8/14/2026,07/02/2026,Canh,Thân
8/15/2026,07/03/2026,Tân,Dậu
8/16/2026,07/04/2026,Nhâm,Tuất
8/17/2026,07/05/2026,Quý,Hợi
8/18/2026,07/06/2026,Giáp,Tý
8/19/2026,07/07/2026,Ất,Sửu
8/20/2026,07/08/2026,Bính,Dần
8/21/2026,07/09/2026,Đinh,Mão
8/22/2026,07/10/2026,Mậu,Thìn
8/23/2026,07/11/2026,Kỷ,Tỵ
8/24/2026,07/12/2026,Canh,Ngọ
8/25/2026,07/13/2026,Tân,Mùi
8/26/2026,07/14/2026,Nhâm,Thân
8/27/2026,07/15/2026,Quý,Dậu
8/28/2026,07/16/2026,Giáp,Tuất
8/29/2026,07/17/2026,Ất,Hợi
8/30/2026,07/18/2026,Bính,Tý
8/31/2026,07/19/2026,Đinh,Sửu
9/1/2026,07/20/2026,Mậu,Dần
9/2/2026,07/21/2026,Kỷ,Mão
9/3/2026,07/22/2026,Canh,Thìn
9/4/2026,07/23/2026,Tân,Tỵ
9/5/2026,07/24/2026,Nhâm,Ngọ
9/6/2026,07/25/2026,Quý,Mùi
9/7/2026,07/26/2026,Giáp,Thân
9/8/2026,07/27/2026,Ất,Dậu
9/9/2026,07/28/2026,Bính,Tuất
9/10/2026,07/29/2026,Đinh,Hợi
9/11/2026,08/01/2026,Mậu,Tý
9/12/2026,08/02/2026,Kỷ,Sửu
9/13/2026,08/03/2026,Canh,Dần
9/14/2026,08/04/2026,Tân,Mão
9/15/2026,08/05/2026,Nhâm,Thìn
9/16/2026,08/06/2026,Quý,Tỵ
9/17/2026,08/07/2026,Giáp,Ngọ
9/18/2026,08/08/2026,Ất,Mùi
9/19/2026,08/09/2026,Bính,Thân
9/20/2026,08/10/2026,Đinh,Dậu
9/21/2026,08/11/2026,Mậu,Tuất
9/22/2026,08/12/2026,Kỷ,Hợi
9/23/2026,08/13/2026,Canh,Tý
9/24/2026,08/14/2026,Tân,Sửu
9/25/2026,08/15/2026,Nhâm,Dần
9/26/2026,08/16/2026,Quý,Mão
9/27/2026,08/17/2026,Giáp,Thìn
9/28/2026,08/18/2026,Ất,Tỵ
9/29/2026,08/19/2026,Bính,Ngọ
9/30/2026,08/20/2026,Đinh,Mùi
10/1/2026,08/21/2026,Mậu,Thân
10/2/2026,08/22/2026,Kỷ,Dậu
10/3/2026,08/23/2026,Canh,Tuất
10/4/2026,08/24/2026,Tân,Hợi
10/5/2026,08/25/2026,Nhâm,Tý
10/6/2026,08/26/2026,Quý,Sửu
10/7/2026,08/27/2026,Giáp,Dần
10/8/2026,08/28/2026,Ất,Mão
10/9/2026,08/29/2026,Bính,Thìn
10/10/2026,09/01/2026,Đinh,Tỵ
10/11/2026,09/02/2026,Mậu,Ngọ
10/12/2026,09/03/2026,Kỷ,Mùi
10/13/2026,09/04/2026,Canh,Thân
10/14/2026,09/05/2026,Tân,Dậu
10/15/2026,09/06/2026,Nhâm,Tuất
10/16/2026,09/07/2026,Quý,Hợi
10/17/2026,09/08/2026,Giáp,Tý
10/18/2026,09/09/2026,Ất,Sửu
10/19/2026,09/10/2026,Bính,Dần
10/20/2026,09/11/2026,Đinh,Mão
10/21/2026,09/12/2026,Mậu,Thìn
10/22/2026,09/13/2026,Kỷ,Tỵ
10/23/2026,09/14/2026,Canh,Ngọ
10/24/2026,09/15/2026,Tân,Mùi
10/25/2026,09/16/2026,Nhâm,Thân
10/26/2026,09/17/2026,Quý,Dậu
10/27/2026,09/18/2026,Giáp,Tuất
10/28/2026,09/19/2026,Ất,Hợi
10/29/2026,09/20/2026,Bính,Tý
10/30/2026,09/21/2026,Đinh,Sửu
10/31/2026,09/22/2026,Mậu,Dần
11/1/2026,09/23/2026,Kỷ,Mão
11/2/2026,09/24/2026,Canh,Thìn
11/3/2026,09/25/2026,Tân,Tỵ
11/4/2026,09/26/2026,Nhâm,Ngọ
11/5/2026,09/27/2026,Quý,Mùi
11/6/2026,09/28/2026,Giáp,Thân
11/7/2026,09/29/2026,Ất,Dậu
11/8/2026,09/30/2026,Bính,Tuất
11/9/2026,10/01/2026,Đinh,Hợi
11/10/2026,10/02/2026,Mậu,Tý
11/11/2026,10/03/2026,Kỷ,Sửu
11/12/2026,10/04/2026,Canh,Dần
11/13/2026,10/05/2026,Tân,Mão
11/14/2026,10/06/2026,Nhâm,Thìn
11/15/2026,10/07/2026,Quý,Tỵ
11/16/2026,10/08/2026,Giáp,Ngọ
11/17/2026,10/09/2026,Ất,Mùi
11/18/2026,10/10/2026,Bính,Thân
11/19/2026,10/11/2026,Đinh,Dậu
11/20/2026,10/12/2026,Mậu,Tuất
11/21/2026,10/13/2026,Kỷ,Hợi
11/22/2026,10/14/2026,Canh,Tý
11/23/2026,10/15/2026,Tân,Sửu
11/24/2026,10/16/2026,Nhâm,Dần
11/25/2026,10/17/2026,Quý,Mão
11/26/2026,10/18/2026,Giáp,Thìn
11/27/2026,10/19/2026,Ất,Tỵ
11/28/2026,10/20/2026,Bính,Ngọ
11/29/2026,10/21/2026,Đinh,Mùi
11/30/2026,10/22/2026,Mậu,Thân
12/1/2026,10/23/2026,Kỷ,Dậu
12/2/2026,10/24/2026,Canh,Tuất
12/3/2026,10/25/2026,Tân,Hợi
12/4/2026,10/26/2026,Nhâm,Tý
12/5/2026,10/27/2026,Quý,Sửu
12/6/2026,10/28/2026,Giáp,Dần
12/7/2026,10/29/2026,Ất,Mão
12/8/2026,10/30/2026,Bính,Thìn
12/9/2026,11/01/2026,Đinh,Tỵ
12/10/2026,11/02/2026,Mậu,Ngọ
12/11/2026,11/03/2026,Kỷ,Mùi
12/12/2026,11/04/2026,Canh,Thân
12/13/2026,11/05/2026,Tân,Dậu
12/14/2026,11/06/2026,Nhâm,Tuất
12/15/2026,11/07/2026,Quý,Hợi
12/16/2026,11/08/2026,Giáp,Tý
12/17/2026,11/09/2026,Ất,Sửu
12/18/2026,11/10/2026,Bính,Dần
12/19/2026,11/11/2026,Đinh,Mão
12/20/2026,11/12/2026,Mậu,Thìn
12/21/2026,11/13/2026,Kỷ,Tỵ
12/22/2026,11/14/2026,Canh,Ngọ
12/23/2026,11/15/2026,Tân,Mùi
12/24/2026,11/16/2026,Nhâm,Thân
12/25/2026,11/17/2026,Quý,Dậu
12/26/2026,11/18/2026,Giáp,Tuất
12/27/2026,11/19/2026,Ất,Hợi
12/28/2026,11/20/2026,Bính,Tý
12/29/2026,11/21/2026,Đinh,Sửu
12/30/2026,11/22/2026,Mậu,Dần
12/31/2026,11/23/2026,Kỷ,Mão
1/1/2027,11/24/2026,Canh,Thìn
1/2/2027,11/25/2026,Tân,Tỵ
1/3/2027,11/26/2026,Nhâm,Ngọ
1/4/2027,11/27/2026,Quý,Mùi
1/5/2027,11/28/2026,Giáp,Thân
1/6/2027,11/29/2026,Ất,Dậu
1/7/2027,11/30/2026,Bính,Tuất
1/8/2027,12/01/2026,Đinh,Hợi
1/9/2027,12/02/2026,Mậu,Tý
1/10/2027,12/03/2026,Kỷ,Sửu
1/11/2027,12/04/2026,Canh,Dần
1/12/2027,12/05/2026,Tân,Mão
1/13/2027,12/06/2026,Nhâm,Thìn
1/14/2027,12/07/2026,Quý,Tỵ
1/15/2027,12/08/2026,Giáp,Ngọ
1/16/2027,12/09/2026,Ất,Mùi
1/17/2027,12/10/2026,Bính,Thân
1/18/2027,12/11/2026,Đinh,Dậu
1/19/2027,12/12/2026,Mậu,Tuất
1/20/2027,12/13/2026,Kỷ,Hợi
1/21/2027,12/14/2026,Canh,Tý
1/22/2027,12/15/2026,Tân,Sửu
1/23/2027,12/16/2026,Nhâm,Dần
1/24/2027,12/17/2026,Quý,Mão
1/25/2027,12/18/2026,Giáp,Thìn
1/26/2027,12/19/2026,Ất,Tỵ
1/27/2027,12/20/2026,Bính,Ngọ
1/28/2027,12/21/2026,Đinh,Mùi
1/29/2027,12/22/2026,Mậu,Thân
1/30/2027,12/23/2026,Kỷ,Dậu
1/31/2027,12/24/2026,Canh,Tuất
2/1/2027,12/25/2026,Tân,Hợi
2/2/2027,12/26/2026,Nhâm,Tý
2/3/2027,12/27/2026,Quý,Sửu
2/4/2027,12/28/2026,Giáp,Dần
2/5/2027,12/29/2026,Ất,Mão
2/6/2027,01/01/2027,Bính,Thìn
2/7/2027,01/02/2027,Đinh,Tỵ
2/8/2027,01/03/2027,Mậu,Ngọ
2/9/2027,01/04/2027,Kỷ,Mùi
2/10/2027,01/05/2027,Canh,Thân
2/11/2027,01/06/2027,Tân,Dậu
2/12/2027,01/07/2027,Nhâm,Tuất
2/13/2027,01/08/2027,Quý,Hợi
2/14/2027,01/09/2027,Giáp,Tý
2/15/2027,01/10/2027,Ất,Sửu
2/16/2027,01/11/2027,Bính,Dần
2/17/2027,01/12/2027,Đinh,Mão
2/18/2027,01/13/2027,Mậu,Thìn
2/19/2027,01/14/2027,Kỷ,Tỵ
2/20/2027,01/15/2027,Canh,Ngọ
2/21/2027,01/16/2027,Tân,Mùi
2/22/2027,01/17/2027,Nhâm,Thân
2/23/2027,01/18/2027,Quý,Dậu
2/24/2027,01/19/2027,Giáp,Tuất
2/25/2027,01/20/2027,Ất,Hợi
2/26/2027,01/21/2027,Bính,Tý
2/27/2027,01/22/2027,Đinh,Sửu
2/28/2027,01/23/2027,Mậu,Dần
3/1/2027,01/24/2027,Kỷ,Mão
3/2/2027,01/25/2027,Canh,Thìn
3/3/2027,01/26/2027,Tân,Tỵ
3/4/2027,01/27/2027,Nhâm,Ngọ
3/5/2027,01/28/2027,Quý,Mùi
3/6/2027,01/29/2027,Giáp,Thân
3/7/2027,01/30/2027,Ất,Dậu
3/8/2027,02/01/2027,Bính,Tuất
3/9/2027,02/02/2027,Đinh,Hợi
3/10/2027,02/03/2027,Mậu,Tý
3/11/2027,02/04/2027,Kỷ,Sửu
3/12/2027,02/05/2027,Canh,Dần
3/13/2027,02/06/2027,Tân,Mão
3/14/2027,02/07/2027,Nhâm,Thìn
3/15/2027,02/08/2027,Quý,Tỵ
3/16/2027,02/09/2027,Giáp,Ngọ
3/17/2027,02/10/2027,Ất,Mùi
3/18/2027,02/11/2027,Bính,Thân
3/19/2027,02/12/2027,Đinh,Dậu
3/20/2027,02/13/2027,Mậu,Tuất
3/21/2027,02/14/2027,Kỷ,Hợi
3/22/2027,02/15/2027,Canh,Tý
3/23/2027,02/16/2027,Tân,Sửu
3/24/2027,02/17/2027,Nhâm,Dần
3/25/2027,02/18/2027,Quý,Mão
3/26/2027,02/19/2027,Giáp,Thìn
3/27/2027,02/20/2027,Ất,Tỵ
3/28/2027,02/21/2027,Bính,Ngọ
3/29/2027,02/22/2027,Đinh,Mùi
3/30/2027,02/23/2027,Mậu,Thân
3/31/2027,02/24/2027,Kỷ,Dậu
4/1/2027,02/25/2027,Canh,Tuất
4/2/2027,02/26/2027,Tân,Hợi
4/3/2027,02/27/2027,Nhâm,Tý
4/4/2027,02/28/2027,Quý,Sửu
4/5/2027,02/29/2027,Giáp,Dần
4/6/2027,02/30/2027,Ất,Mão
4/7/2027,03/01/2027,Bính,Thìn
4/8/2027,03/02/2027,Đinh,Tỵ
4/9/2027,03/03/2027,Mậu,Ngọ
4/10/2027,03/04/2027,Kỷ,Mùi
4/11/2027,03/05/2027,Canh,Thân
4/12/2027,03/06/2027,Tân,Dậu
4/13/2027,03/07/2027,Nhâm,Tuất
4/14/2027,03/08/2027,Quý,Hợi
4/15/2027,03/09/2027,Giáp,Tý
4/16/2027,03/10/2027,Ất,Sửu
4/17/2027,03/11/2027,Bính,Dần
4/18/2027,03/12/2027,Đinh,Mão
4/19/2027,03/13/2027,Mậu,Thìn
4/20/2027,03/14/2027,Kỷ,Tỵ
4/21/2027,03/15/2027,Canh,Ngọ
4/22/2027,03/16/2027,Tân,Mùi
4/23/2027,03/17/2027,Nhâm,Thân
4/24/2027,03/18/2027,Quý,Dậu
4/25/2027,03/19/2027,Giáp,Tuất
4/26/2027,03/20/2027,Ất,Hợi
4/27/2027,03/21/2027,Bính,Tý
4/28/2027,03/22/2027,Đinh,Sửu
4/29/2027,03/23/2027,Mậu,Dần
4/30/2027,03/24/2027,Kỷ,Mão
5/1/2027,03/25/2027,Canh,Thìn
5/2/2027,03/26/2027,Tân,Tỵ
5/3/2027,03/27/2027,Nhâm,Ngọ
5/4/2027,03/28/2027,Quý,Mùi
5/5/2027,03/29/2027,Giáp,Thân
5/6/2027,04/01/2027,Ất,Dậu
5/7/2027,04/02/2027,Bính,Tuất
5/8/2027,04/03/2027,Đinh,Hợi
5/9/2027,04/04/2027,Mậu,Tý
5/10/2027,04/05/2027,Kỷ,Sửu
5/11/2027,04/06/2027,Canh,Dần
5/12/2027,04/07/2027,Tân,Mão
5/13/2027,04/08/2027,Nhâm,Thìn
5/14/2027,04/09/2027,Quý,Tỵ
5/15/2027,04/10/2027,Giáp,Ngọ
5/16/2027,04/11/2027,Ất,Mùi
5/17/2027,04/12/2027,Bính,Thân
5/18/2027,04/13/2027,Đinh,Dậu
5/19/2027,04/14/2027,Mậu,Tuất
5/20/2027,04/15/2027,Kỷ,Hợi
5/21/2027,04/16/2027,Canh,Tý
5/22/2027,04/17/2027,Tân,Sửu
5/23/2027,04/18/2027,Nhâm,Dần
5/24/2027,04/19/2027,Quý,Mão
5/25/2027,04/20/2027,Giáp,Thìn
5/26/2027,04/21/2027,Ất,Tỵ
5/27/2027,04/22/2027,Bính,Ngọ
5/28/2027,04/23/2027,Đinh,Mùi
5/29/2027,04/24/2027,Mậu,Thân
5/30/2027,04/25/2027,Kỷ,Dậu
5/31/2027,04/26/2027,Canh,Tuất
6/1/2027,04/27/2027,Tân,Hợi
6/2/2027,04/28/2027,Nhâm,Tý
6/3/2027,04/29/2027,Quý,Sửu
6/4/2027,04/30/2027,Giáp,Dần
6/5/2027,05/01/2027,Ất,Mão
6/6/2027,05/02/2027,Bính,Thìn
6/7/2027,05/03/2027,Đinh,Tỵ
6/8/2027,05/04/2027,Mậu,Ngọ
6/9/2027,05/05/2027,Kỷ,Mùi
6/10/2027,05/06/2027,Canh,Thân
6/11/2027,05/07/2027,Tân,Dậu
6/12/2027,05/08/2027,Nhâm,Tuất
6/13/2027,05/09/2027,Quý,Hợi
6/14/2027,05/10/2027,Giáp,Tý
6/15/2027,05/11/2027,Ất,Sửu
6/16/2027,05/12/2027,Bính,Dần
6/17/2027,05/13/2027,Đinh,Mão
6/18/2027,05/14/2027,Mậu,Thìn
6/19/2027,05/15/2027,Kỷ,Tỵ
6/20/2027,05/16/2027,Canh,Ngọ
6/21/2027,05/17/2027,Tân,Mùi
6/22/2027,05/18/2027,Nhâm,Thân
6/23/2027,05/19/2027,Quý,Dậu
6/24/2027,05/20/2027,Giáp,Tuất
6/25/2027,05/21/2027,Ất,Hợi
6/26/2027,05/22/2027,Bính,Tý
6/27/2027,05/23/2027,Đinh,Sửu
6/28/2027,05/24/2027,Mậu,Dần
6/29/2027,05/25/2027,Kỷ,Mão
6/30/2027,05/26/2027,Canh,Thìn
7/1/2027,05/27/2027,Tân,Tỵ
7/2/2027,05/28/2027,Nhâm,Ngọ
7/3/2027,05/29/2027,Quý,Mùi
7/4/2027,06/01/2027,Giáp,Thân
7/5/2027,06/02/2027,Ất,Dậu
7/6/2027,06/03/2027,Bính,Tuất
7/7/2027,06/04/2027,Đinh,Hợi
7/8/2027,06/05/2027,Mậu,Tý
7/9/2027,06/06/2027,Kỷ,Sửu
7/10/2027,06/07/2027,Canh,Dần
7/11/2027,06/08/2027,Tân,Mão
7/12/2027,06/09/2027,Nhâm,Thìn
7/13/2027,06/10/2027,Quý,Tỵ
7/14/2027,06/11/2027,Giáp,Ngọ
7/15/2027,06/12/2027,Ất,Mùi
7/16/2027,06/13/2027,Bính,Thân
7/17/2027,06/14/2027,Đinh,Dậu
7/18/2027,06/15/2027,Mậu,Tuất
7/19/2027,06/16/2027,Kỷ,Hợi
7/20/2027,06/17/2027,Canh,Tý
7/21/2027,06/18/2027,Tân,Sửu